date,best_family,lambda_L,lambda_U,lambda_L_t,lambda_L_cl,AIC_best,AIC_gauss,regime
1991-01-31,Student-t,0.16765636518726,0.16765636518726,0.16765636518726,0.00033829734511189386,-1.0128096276710696,1.4472142483619155,Tail-dependent
1991-02-28,Student-t,0.13895478592395116,0.13895478592395116,0.13895478592395116,7.174580532930383e-06,-0.15151428674280076,2.0100162716801075,Tail-dependent
1991-03-31,Student-t,0.14865131366194034,0.14865131366194034,0.14865131366194034,4.458172718517814e-05,-0.3149530652158603,1.8704383779802394,Tail-dependent
1991-04-30,Student-t,0.14754713539537298,0.14754713539537298,0.14754713539537298,2.961987587460241e-05,-0.3208716474774569,1.8869689925637974,Tail-dependent
1991-05-31,Student-t,0.15083297336925747,0.15083297336925747,0.15083297336925747,3.7455931139499e-05,-0.6289154760490065,1.9423657604464155,Tail-dependent
1991-06-30,Student-t,0.1592173203185818,0.1592173203185818,0.1592173203185818,0.0004422826088692211,-0.9081509963152525,1.8346364062716436,Tail-dependent
1991-07-31,Student-t,0.15169267311062426,0.15169267311062426,0.15169267311062426,0.00010335632248570614,-0.8991646521872907,2.0000000000000053,Tail-dependent
1991-08-31,Student-t,0.1384257482829426,0.1384257482829426,0.1384257482829426,2.989514523625307e-06,-1.5613930551092086,2.2686372163793,Tail-dependent
1991-09-30,Student-t,0.1286734646998502,0.1286734646998502,0.1286734646998502,1.8951476469554946e-08,-2.1636601902167003,2.411628078856268,Tail-dependent
1991-10-31,Student-t,0.13135888572095544,0.13135888572095544,0.13135888572095544,5.136774751056612e-07,-2.2512919345670124,2.356044281503279,Tail-dependent
1991-11-30,Student-t,0.1350947352459828,0.1350947352459828,0.1350947352459828,2.109517964513167e-05,-2.186149137112494,2.3357629526263217,Tail-dependent
1991-12-31,Student-t,0.16709459187582948,0.16709459187582948,0.16709459187582948,0.0003254626690440849,-1.7669005028960418,2.1198732425352587,Tail-dependent
1992-01-31,Student-t,0.13872996193709483,0.13872996193709483,0.13872996193709483,0.00017362133652003246,-0.24157642221410391,2.1653482868822604,Tail-dependent
1992-02-29,Student-t,0.13434193391266167,0.13434193391266167,0.13434193391266167,5.387383943234433e-05,-0.02232657259588766,2.2111068145194785,Tail-dependent
1992-03-31,Student-t,0.14726896697956837,0.14726896697956837,0.14726896697956837,0.0006935631415964707,-0.4170888355315503,2.1654489376311115,Tail-dependent
1992-04-30,Student-t,0.14621375769245382,0.14621375769245382,0.14621375769245382,7.998865444687215e-05,-0.7656617193490627,2.1749600453753737,Tail-dependent
1992-05-31,Student-t,0.14531171581588595,0.14531171581588595,0.14531171581588595,0.0002704477839209855,-0.32284529487006,2.1179509833385755,Tail-dependent
1992-06-30,Student-t,0.1386562353526199,0.1386562353526199,0.1386562353526199,9.238435910920447e-05,-0.031999082145535596,2.108118115876856,Tail-dependent
1992-07-31,Student-t,0.1389579460987226,0.1389579460987226,0.1389579460987226,3.851222023481306e-05,-0.29532306190148194,2.129001282068909,Tail-dependent
1992-08-31,Student-t,0.14539900851169837,0.14539900851169837,0.14539900851169837,7.206288062566492e-05,-0.9788064566756347,2.0908250692888886,Tail-dependent
1992-09-30,Student-t,0.16582133601708512,0.16582133601708512,0.16582133601708512,0.0003930767778458508,-1.345360015284525,2.0554068970030976,Tail-dependent
1992-10-31,Student-t,0.1607848214411579,0.1607848214411579,0.1607848214411579,6.496292184789622e-300,-1.0584991556239869,1.9650795616536667,Tail-dependent
1992-11-30,Student-t,0.16203548845435498,0.16203548845435498,0.16203548845435498,6.496292184789622e-300,-1.3536688165921076,1.9695567567207548,Tail-dependent
1992-12-31,Student-t,0.16709459187582948,0.16709459187582948,0.16709459187582948,2.6734254477017203e-32,-1.6605410802748786,1.9896595645551745,Tail-dependent
1993-01-31,Student-t,0.169658107681736,0.169658107681736,0.169658107681736,1.2931512413170832e-19,-1.8909473262785381,1.993211316042824,Tail-dependent
1993-02-28,Student-t,0.16526741144055007,0.16526741144055007,0.16526741144055007,1.7166836694476823e-22,-0.47805995690960046,1.9794240212202083,Tail-dependent
1993-03-31,Student-t,0.15198488172549854,0.15198488172549854,0.15198488172549854,1.979918394389712e-121,-0.38233078958183153,1.9188977283257531,Tail-dependent
1993-04-30,Student-t,0.1462064925365974,0.1462064925365974,0.1462064925365974,2.1800467638927814e-32,0.13514411984054764,1.941353471655065,Tail-dependent
1993-05-31,Student-t,0.15558447918358695,0.15558447918358695,0.15558447918358695,2.8516405124698426e-10,0.03436250185436096,1.9835257959653665,Tail-dependent
1993-06-30,Student-t,0.17030253450879024,0.17030253450879024,0.17030253450879024,1.486321357710378e-11,-2.758139989945775,1.9912439292752562,Tail-dependent
1993-07-31,Student-t,0.18173873774110683,0.18173873774110683,0.18173873774110683,5.293009962136904e-05,-1.798591346519248,1.9907509243139623,Tail-dependent
1993-08-31,Student-t,0.19185430215811639,0.19185430215811639,0.19185430215811639,0.018977450672975897,-1.7344379165256907,1.6387897142991594,Tail-dependent
1993-09-30,Student-t,0.20741749344448246,0.20741749344448246,0.20741749344448246,0.03440569969777625,-1.678811501637596,1.3778699595903658,Tail-dependent
1993-10-31,Student-t,0.21739644803248664,0.21739644803248664,0.21739644803248664,0.04646716813921875,-1.9655057386267316,1.1847598281840606,Tail-dependent
1993-11-30,Student-t,0.20759058001602781,0.20759058001602781,0.20759058001602781,0.06333802255888214,-1.284744868476328,0.7198540460654566,Tail-dependent
1993-12-31,Student-t,0.21023649108181586,0.21023649108181586,0.21023649108181586,0.07981214584622798,-1.3925062053503146,0.4769995376348024,Tail-dependent
1994-01-31,Student-t,0.20371976137540324,0.20371976137540324,0.20371976137540324,0.09459870701413786,-1.1932575444302147,0.43417398684960107,Tail-dependent
1994-02-28,Frank,0.0,0.0,0.16610559358644236,0.08852119640809196,-1.2995212561000562,0.28870571263713396,Tail-dependent
1994-03-31,Frank,0.0,0.0,0.16834592848572405,0.10665615086197515,-2.093939045139522,0.008093244768998531,Tail-dependent
1994-04-30,Frank,0.0,0.0,0.16193920954558289,0.10508606456404344,-1.9944002190373014,0.02771751624963925,Tail-dependent
1994-05-31,Frank,0.0,0.0,0.1839241752022486,0.1282704432899768,-2.4350436160024262,-0.18899608430197778,Tail-dependent
1994-06-30,Frank,0.0,0.0,0.20283482526588648,0.164990753145802,-3.7600633605106957,-0.7526870917670627,Tail-dependent
1994-07-31,Frank,0.0,0.0,0.19527002612327676,0.13439404436244312,-2.4760059273023503,0.39492404041507,Tail-dependent
1994-08-31,Frank,0.0,0.0,0.18083744086900538,0.130687246424218,-1.9025853301961018,0.559670377467641,Tail-dependent
1994-09-30,Frank,0.0,0.0,0.1500246810178542,0.08708773193216417,-0.7289029364406998,1.1787357833455727,Tail-dependent
1994-10-31,Frank,0.0,0.0,0.1654005072197022,0.10459318946505486,-0.9898445046459581,1.0860933793784882,Tail-dependent
1994-11-30,Frank,0.0,0.0,0.15282303658578916,0.0914638565612698,-1.3862690267102895,1.0329433628500113,Tail-dependent
1994-12-31,Frank,0.0,0.0,0.18142339970154983,0.07761673655765089,-0.7968351636312825,1.5293724178288002,Tail-dependent
1995-01-31,Frank,0.0,0.0,0.20464466723574734,0.1293866547466887,-2.008402068581807,1.0804586603861979,Tail-dependent
1995-02-28,Frank,0.0,0.0,0.18880155363137807,0.07465634979064184,-0.9795617556456069,1.6168076984303976,Tail-dependent
1995-03-31,Frank,0.0,0.0,0.1968228983284107,0.08424569490603667,-0.8894402571842921,1.6261280197624124,Tail-dependent
1995-04-30,Frank,0.0,0.0,0.1752871580732775,0.07367505870242554,-0.3248269979840095,1.700039646100874,Tail-dependent
1995-05-31,Frank,0.0,0.0,0.09324195683687357,0.1295531519705529,-1.8131386722695204,0.2911761153572985,Tail-dependent
1995-06-30,Frank,0.0,0.0,0.09689172446871132,0.1319880240696843,-1.9667850912977438,0.2356459005644631,Tail-dependent
1995-07-31,Frank,0.0,0.0,0.0895143835595308,0.12558736987029342,-1.2667990462622605,0.6113345401730954,Tail-dependent
1995-08-31,Frank,0.0,0.0,0.03030456699802055,0.21180592679223878,-3.6585962626074044,-1.5892980638534735,Tail-dependent
1995-09-30,Frank,0.0,0.0,0.0,0.2909609898580345,-6.470760152766621,-4.958082884367224,Tail-dependent
1995-10-31,Frank,0.0,0.0,0.0,0.3097502684526686,-7.721774800290737,-6.029418763875915,Tail-dependent
1995-11-30,Frank,0.0,0.0,0.0,0.31232596337212465,-7.815083981373121,-6.0027970359242175,Tail-dependent
1995-12-31,Frank,0.0,0.0,0.0,0.3202879551589823,-8.09168368695693,-6.031889901782643,Tail-dependent
1996-01-31,Frank,0.0,0.0,0.0,0.3153422476633702,-7.868786812516955,-6.00614321918529,Tail-dependent
1996-02-29,Frank,0.0,0.0,0.0,0.33921523702556033,-10.10080483786277,-8.039213393273972,Tail-dependent
1996-03-31,Frank,0.0,0.0,8.477484836582501e-11,0.34527939874153096,-9.45040665015836,-7.655551651960682,Tail-dependent
1996-04-30,Frank,0.0,0.0,8.644379104770986e-07,0.35203822126021084,-10.02370228141138,-7.961942726732987,Tail-dependent
1996-05-31,Frank,0.0,0.0,2.6017620159957963e-08,0.35477974195360246,-10.464676141596172,-8.22959304604037,Tail-dependent
1996-06-30,Frank,0.0,0.0,0.0017627057712008897,0.33982174801116877,-9.375997444594283,-7.313901787524625,Tail-dependent
1996-07-31,Frank,0.0,0.0,0.08108572568887319,0.43596180172366333,-13.076484334258373,-10.712796586089214,Tail-dependent
1996-08-31,Frank,0.0,0.0,0.10363715263269221,0.44569195487743246,-14.197483210047103,-11.476434144897821,Tail-dependent
1996-09-30,Frank,0.0,0.0,0.13165858495793833,0.45628844857892203,-15.404695900646523,-12.012421918724751,Tail-dependent
1996-10-31,Frank,0.0,0.0,0.1076774073551696,0.4505407684355915,-15.367442746837835,-12.138488619253891,Tail-dependent
1996-11-30,Frank,0.0,0.0,0.2126751570982776,0.4504830608109044,-16.217204287368617,-14.629230049794693,Tail-dependent
1996-12-31,Frank,0.0,0.0,0.1790985317908915,0.42110095930967084,-13.557913837619026,-12.548690107854462,Tail-dependent
1997-01-31,Frank,0.0,0.0,0.1903651283398307,0.42249928377025064,-12.62456986996961,-11.930506131713129,Tail-dependent
1997-02-28,Frank,0.0,0.0,0.19493879798208077,0.41891684251614597,-12.092570639712118,-11.585638312331573,Tail-dependent
1997-03-31,Frank,0.0,0.0,0.18580907054451976,0.3556602322203533,-8.84066890696274,-8.571203623627769,Tail-dependent
1997-04-30,Frank,0.0,0.0,0.18449878108371873,0.3643039861724664,-9.490175422150415,-9.012240023906472,Tail-dependent
1997-05-31,Clayton,0.32727560612080003,0.0,0.1542491613270882,0.32727560612080003,-7.37898868441685,-6.371011872277856,Tail-dependent
1997-06-30,Clayton,0.3578098683974253,0.0,0.17486211701843873,0.3578098683974253,-8.725335374090252,-7.181254218496173,Tail-dependent
1997-07-31,Clayton,0.37481055385847256,0.0,0.15318662600788782,0.37481055385847256,-9.518858074357182,-8.239896699613617,Tail-dependent
1997-08-31,Clayton,0.42447725649664614,0.0,0.19082223165964665,0.42447725649664614,-12.152860808331559,-9.931908060987508,Tail-dependent
1997-09-30,Clayton,0.43413210890281373,0.0,0.18783505653797933,0.43413210890281373,-12.79302390277387,-10.097583038372807,Tail-dependent
1997-10-31,Clayton,0.38511506674942847,0.0,0.12074249203407497,0.38511506674942847,-10.200081422098876,-8.600730209601602,Tail-dependent
1997-11-30,Clayton,0.38603455461656583,0.0,0.11992725070693923,0.38603455461656583,-10.253487411017122,-8.621433784005285,Tail-dependent
1997-12-31,Clayton,0.38352076787867767,0.0,0.0973363771874241,0.38352076787867767,-10.164818004363054,-8.422089927718382,Tail-dependent
1998-01-31,Clayton,0.3893156741140612,0.0,0.0929953432077995,0.3893156741140612,-10.507231872833662,-8.542793243619535,Tail-dependent
1998-02-28,Clayton,0.38524720395153655,0.0,0.034787398369864,0.38524720395153655,-10.32544377885963,-8.11686529898651,Tail-dependent
1998-03-31,Clayton,0.407158428388354,0.0,0.0748954837580071,0.407158428388354,-11.43085211415626,-9.895672115971998,Tail-dependent
1998-04-30,Clayton,0.4103123022322995,0.0,0.11619574704132932,0.4103123022322995,-11.512646373779202,-10.508393761780546,Tail-dependent
1998-05-31,Clayton,0.39182679274120835,0.0,0.09379647395390205,0.39182679274120835,-10.484384613240298,-9.70506732336979,Tail-dependent
1998-06-30,Clayton,0.4031050897033303,0.0,0.11008064272356399,0.4031050897033303,-11.13232252825058,-10.0052913970766,Tail-dependent
1998-07-31,Clayton,0.40124170694450606,0.0,0.14726546539972754,0.40124170694450606,-10.894006267057964,-10.173758343340543,Tail-dependent
1998-08-31,Frank,0.0,0.0,0.17004338678153422,0.3275294718173386,-7.874338748453615,-6.822878539946203,Tail-dependent
1998-09-30,Frank,0.0,0.0,0.16065395123879278,0.3000175443243627,-6.790937638262815,-5.961588754495379,Tail-dependent
1998-10-31,Frank,0.0,0.0,0.13157755503981172,0.2751169617653967,-5.177431652882109,-4.7328883931386745,Tail-dependent
1998-11-30,Clayton,0.3076927631971195,0.0,0.19054460928902936,0.3076927631971195,-5.891602011182549,-5.072863722681168,Tail-dependent
1998-12-31,Clayton,0.29216838141493506,0.0,0.16794198755952425,0.29216838141493506,-5.392555127192101,-4.23058702076243,Tail-dependent
1999-01-31,Clayton,0.3013119506038475,0.0,0.1924072114412149,0.3013119506038475,-5.634562765875479,-4.980384536528058,Tail-dependent
1999-02-28,Clayton,0.3362350477937353,0.0,0.22499456813062083,0.3362350477937353,-6.965044856905301,-5.426578338624445,Tail-dependent
1999-03-31,Gumbel,0.0,0.25449239414580394,0.19752747240707105,0.2086031711217768,-3.0888003182938757,-2.406793262451796,Tail-dependent
1999-04-30,Gumbel,0.0,0.2422138344786391,0.17985440502373876,0.1910414432342216,-2.6149095883509963,-2.0877922669101032,Tail-dependent
1999-05-31,Gumbel,0.0,0.23617946453659666,0.1573460621117127,0.17371002972538155,-2.410154549374032,-1.894806039757956,Tail-dependent
1999-06-30,Gumbel,0.0,0.21129833208158155,0.1433329084765311,0.1315136872154437,-1.5512937022750366,-1.0623416730193225,Tail-dependent
1999-07-31,Gumbel,0.0,0.2200426549624792,0.15484364568159992,0.149962388675205,-1.8276641256266721,-1.348283579415002,Tail-dependent
1999-08-31,Gumbel,0.0,0.22529864562929136,0.15734517897048766,0.14999526322929774,-2.00763097187476,-1.4513030171659156,Tail-dependent
1999-09-30,Gumbel,0.0,0.25137517630585293,0.09926930846200925,0.19217972465900585,-3.1651884937889676,-2.9924920060616422,Tail-dependent
1999-10-31,Gaussian,0.0,0.0,0.06062431748098008,0.19465170974183485,-2.9429755816000283,-2.9429755816000283,Gaussian
1999-11-30,Gaussian,0.0,0.0,0.058901724086542394,0.2048336165416196,-2.99968604403652,-2.99968604403652,Gaussian
1999-12-31,Gumbel,0.0,0.3172567552020624,0.19571949097359326,0.2387729654459661,-7.864987020564925,-5.752807078844924,Tail-dependent
2000-01-31,Gumbel,0.0,0.31831521207411817,0.18484705862903716,0.24186196343131686,-7.941946681971604,-5.921188875107425,Tail-dependent
2000-02-29,Gumbel,0.0,0.3181971453910697,0.20618552828818304,0.2460383318402932,-7.902934312837836,-5.827283345339653,Tail-dependent
2000-03-31,Gumbel,0.0,0.3030513704304272,0.19894612703329534,0.21972840354620704,-7.040880372751033,-4.968330109882645,Tail-dependent
2000-04-30,Gumbel,0.0,0.29882550003370745,0.212146017133827,0.197070220869005,-6.7768083173435585,-4.4278090961888505,Tail-dependent
2000-05-31,Gumbel,0.0,0.30635575337681953,0.23746663107622185,0.22404280418658065,-7.144776540813892,-4.859990376299947,Tail-dependent
2000-06-30,Gumbel,0.0,0.3031329092736459,0.23830437049443087,0.2256650706009965,-6.968672399078802,-4.773004486185674,Tail-dependent
2000-07-31,Gumbel,0.0,0.3375579859317668,0.26369222342622833,0.27197036778390654,-9.061193574993503,-6.518035606028693,Tail-dependent
2000-08-31,Gumbel,0.0,0.3268979208747427,0.24148559012164586,0.2531733910459937,-8.368452254105982,-5.953629271895921,Tail-dependent
2000-09-30,Gumbel,0.0,0.3438811814877907,0.28234238761444824,0.3082452131714101,-9.40121593059035,-7.09867480434866,Tail-dependent
2000-10-31,Gumbel,0.0,0.34298958484555575,0.2873426019999022,0.3113345733130056,-9.344346420762925,-7.062104468519815,Tail-dependent
2000-11-30,Gumbel,0.0,0.3490438257264401,0.2975618939471351,0.32973635268875534,-9.711043777162187,-7.464249110959308,Tail-dependent
2000-12-31,Gumbel,0.0,0.34244957404469023,0.2719595632735286,0.29970622123296925,-9.405050744647065,-7.056679941061983,Tail-dependent
2001-01-31,Gumbel,0.0,0.33916726682460063,0.2586843658450116,0.2893760943850351,-9.228011659663773,-6.904499411674715,Tail-dependent
2001-02-28,Gumbel,0.0,0.3081046951779296,0.25414501436043796,0.19877115340205698,-7.293284347106788,-4.451739656055845,Tail-dependent
2001-03-31,Gumbel,0.0,0.28734759109154573,0.2557633179209997,0.153325824419399,-6.153222187365049,-3.2033675014283958,Tail-dependent
2001-04-30,Gumbel,0.0,0.2482415263006954,0.2524902332843196,0.04941469056827296,-4.238305512369862,-1.0792307133627936,Tail-dependent
2001-05-31,Gumbel,0.0,0.24527652648351483,0.25147676391232726,0.04505113150609699,-4.117297087268736,-0.9581553371699321,Tail-dependent
2001-06-30,Gumbel,0.0,0.24638007657079397,0.24935269205652627,0.04564703319522253,-4.163885220996281,-1.0042475023041861,Tail-dependent
2001-07-31,Gumbel,0.0,0.22905546025719103,0.21046426009305882,0.0032773589723308284,-3.486936590375752,-0.2519026628212093,Tail-dependent
2001-08-31,Gumbel,0.0,0.22242900410185884,0.1989340386480896,0.0006073908474211957,-3.256234919851982,-0.01923216956307794,Tail-dependent
2001-09-30,Student-t,0.20766041034054533,0.20766041034054533,0.20766041034054533,6.496292184789622e-300,-1.6192021465997337,1.2986465507511107,Tail-dependent
2001-10-31,Gumbel,0.0,0.17507231594813022,0.20699550913487927,5.707930969217528e-22,-1.541753481293891,1.223578022544675,Tail-dependent
2001-11-30,Student-t,0.15731607270925443,0.15731607270925443,0.15731607270925443,6.496292184789622e-300,0.10889135670359673,1.9694219087029337,Tail-dependent
2001-12-31,Student-t,0.15578539773100739,0.15578539773100739,0.15578539773100739,6.496292184789622e-300,0.28905940511805817,1.9442941683304622,Tail-dependent
2002-01-31,Student-t,0.17069489842235472,0.17069489842235472,0.17069489842235472,6.496292184789622e-300,-0.30295278881109766,1.9522332728981322,Tail-dependent
2002-02-28,Student-t,0.1637287837445989,0.1637287837445989,0.1637287837445989,6.496292184789622e-300,-0.006836645606981051,1.9431731118348523,Tail-dependent
2002-03-31,Student-t,0.15708812909222838,0.15708812909222838,0.15708812909222838,6.496292184789622e-300,0.2699068736314971,1.9800109113755344,Tail-dependent
2002-04-30,Student-t,0.15953294882463276,0.15953294882463276,0.15953294882463276,6.496292184789622e-300,-0.1696758269673433,2.0000000000000053,Tail-dependent
2002-05-31,Student-t,0.16888247727673494,0.16888247727673494,0.16888247727673494,6.496292184789622e-300,-0.5585699618804743,1.9784106265747678,Tail-dependent
2002-06-30,Student-t,0.16965683652850527,0.16965683652850527,0.16965683652850527,6.496292184789622e-300,-1.6461383654870323,1.9570550255442827,Tail-dependent
2002-07-31,Student-t,0.14103594651879314,0.14103594651879314,0.14103594651879314,6.496292184789622e-300,-2.065651676179005,1.279466923321349,Tail-dependent
2002-08-31,Student-t,0.10030543469191527,0.10030543469191527,0.10030543469191527,6.496292184789622e-300,-1.4345551126322587,0.48354305160588074,Tail-dependent
2002-09-30,Student-t,0.08649393538487003,0.08649393538487003,0.08649393538487003,6.496292184789622e-300,-1.9971105570212497,-0.1330611321125441,Tail-dependent
2002-10-31,Student-t,0.07665119733171266,0.07665119733171266,0.07665119733171266,6.496292184789622e-300,-2.8267868479316105,-0.8474513136363777,Tail-dependent
2002-11-30,Student-t,0.06557510084110975,0.06557510084110975,0.06557510084110975,6.496292184789622e-300,-3.0387311623999054,-1.1622212228917523,Tail-dependent
2002-12-31,Student-t,0.053129013594362805,0.053129013594362805,0.053129013594362805,6.496292184789622e-300,-3.4196937531652285,-1.7364410043625536,Tail-dependent
2003-01-31,Student-t,0.037619745727476575,0.037619745727476575,0.037619745727476575,6.496292184789622e-300,-3.3595310085152272,-2.015706113978446,Tail-dependent
2003-02-28,Student-t,0.034524943330714195,0.034524943330714195,0.034524943330714195,6.496292184789622e-300,-4.704690734876667,-3.0888033293717925,Tail-dependent
2003-03-31,Student-t,0.030498475734626003,0.030498475734626003,0.030498475734626003,6.496292184789622e-300,-5.007458672348175,-3.336133701734557,Tail-dependent
2003-04-30,Student-t,0.014939268517774471,0.014939268517774471,0.014939268517774471,6.496292184789622e-300,-3.7717502120854274,-3.0816469581856953,Tail-dependent
2003-05-31,Student-t,0.02537237321134596,0.02537237321134596,0.02537237321134596,6.496292184789622e-300,-1.80401191939748,-1.194291770324055,Tail-dependent
2003-06-30,Student-t,0.020730600295196085,0.020730600295196085,0.020730600295196085,6.496292184789622e-300,-2.077712175796714,-1.4277671814399833,Tail-dependent
2003-07-31,Student-t,0.015138363472996538,0.015138363472996538,0.015138363472996538,6.496292184789622e-300,-1.7890989196747507,-1.3600211640650697,Tail-dependent
2003-08-31,Student-t,0.020392018665370673,0.020392018665370673,0.020392018665370673,6.496292184789622e-300,-2.0267514611914885,-1.3219000420120528,Tail-dependent
2003-09-30,Student-t,0.019959239804420433,0.019959239804420433,0.019959239804420433,6.496292184789622e-300,-2.0795943828383017,-1.3770278377358727,Tail-dependent
2003-10-31,Student-t,0.06112029920106435,0.06112029920106435,0.06112029920106435,6.496292184789622e-300,-1.9004333664603221,0.2847608982044143,Tail-dependent
2003-11-30,Student-t,0.06190481592966088,0.06190481592966088,0.06190481592966088,6.496292184789622e-300,-2.7325558992769228,-0.036690746189772305,Tail-dependent
2003-12-31,Student-t,0.08820216930809315,0.08820216930809315,0.08820216930809315,6.496292184789622e-300,-1.7830762384051804,1.168294390749417,Tail-dependent
2004-01-31,Student-t,0.0905130194932727,0.0905130194932727,0.0905130194932727,6.496292184789622e-300,-1.6755177395653629,1.181156049459032,Tail-dependent
2004-02-29,Student-t,0.09161244168005069,0.09161244168005069,0.09161244168005069,6.496292184789622e-300,-1.8120904590029063,1.0991518833970626,Tail-dependent
2004-03-31,Student-t,0.1047128563920676,0.1047128563920676,0.1047128563920676,6.496292184789622e-300,-1.744159908946985,1.2765801824786949,Tail-dependent
2004-04-30,Student-t,0.12374272336985201,0.12374272336985201,0.12374272336985201,6.496292184789622e-300,-1.3677136739142846,1.5659014012955654,Tail-dependent
2004-05-31,Student-t,0.13170260445104967,0.13170260445104967,0.13170260445104967,6.496292184789622e-300,-1.7272698995278333,1.5661300443490038,Tail-dependent
2004-06-30,Student-t,0.1396985568622637,0.1396985568622637,0.1396985568622637,6.496292184789622e-300,-1.5203224319176307,1.6956827622265291,Tail-dependent
2004-07-31,Student-t,0.15393709897084762,0.15393709897084762,0.15393709897084762,6.496292184789622e-300,-1.6018661622361572,1.806525643873736,Tail-dependent
2004-08-31,Student-t,0.1533914237368993,0.1533914237368993,0.1533914237368993,6.496292184789622e-300,-1.4471972677140332,1.8281785688141536,Tail-dependent
2004-09-30,Student-t,0.15601836156126123,0.15601836156126123,0.15601836156126123,6.496292184789622e-300,-0.6396105789369022,1.96736329709205,Tail-dependent
2004-10-31,Student-t,0.16094431713167315,0.16094431713167315,0.16094431713167315,6.496292184789622e-300,-1.6719229100745503,1.8846004261750222,Tail-dependent
2004-11-30,Student-t,0.13980274247855562,0.13980274247855562,0.13980274247855562,6.496292184789622e-300,-1.3661273357907993,2.0872971249470313,Tail-dependent
2004-12-31,Gaussian,0.0,0.0,0.08776499337889189,6.496292184789622e-300,1.1304081355860833,1.1304081355860833,Gaussian
2005-01-31,Student-t,0.09493417789936345,0.09493417789936345,0.09493417789936345,6.496292184789622e-300,0.919876230726135,1.1100232830341596,Tail-dependent
2005-02-28,Student-t,0.08404363604405869,0.08404363604405869,0.08404363604405869,6.496292184789622e-300,1.089849702911331,1.0939529161366996,Tail-dependent
2005-03-31,Student-t,0.11789220776991038,0.11789220776991038,0.11789220776991038,6.496292184789622e-300,0.24444154747938418,1.1159402800735683,Tail-dependent
2005-04-30,Student-t,0.14923197193045096,0.14923197193045096,0.14923197193045096,6.496292184789622e-300,0.16620694858672902,1.5566943705982335,Tail-dependent
2005-05-31,Student-t,0.14514919181701944,0.14514919181701944,0.14514919181701944,6.496292184789622e-300,-0.05498741848551081,1.4676379635407597,Tail-dependent
2005-06-30,Student-t,0.14662033885111417,0.14662033885111417,0.14662033885111417,6.496292184789622e-300,-0.0044644584017099476,1.502747212046329,Tail-dependent
2005-07-31,Student-t,0.1327428679663403,0.1327428679663403,0.1327428679663403,6.496292184789622e-300,0.1096452372439054,1.4217136076339263,Tail-dependent
2005-08-31,Student-t,0.12621658488613577,0.12621658488613577,0.12621658488613577,6.496292184789622e-300,-0.6063171897186344,1.066207527440978,Tail-dependent
2005-09-30,Student-t,0.11846788189667716,0.11846788189667716,0.11846788189667716,6.496292184789622e-300,-0.7457433836222567,0.8819399688455505,Tail-dependent
2005-10-31,Student-t,0.13132289137436698,0.13132289137436698,0.13132289137436698,6.496292184789622e-300,-0.2900797767057135,1.179875083769093,Tail-dependent
2005-11-30,Student-t,0.14464268087384827,0.14464268087384827,0.14464268087384827,6.496292184789622e-300,-0.44111886873527073,1.2906745793447314,Tail-dependent
2005-12-31,Student-t,0.16088368768017905,0.16088368768017905,0.16088368768017905,6.496292184789622e-300,-0.4702882196870579,1.4718849253116393,Tail-dependent
2006-01-31,Student-t,0.15036435175487312,0.15036435175487312,0.15036435175487312,6.496292184789622e-300,0.6291481125058245,1.6642964929281567,Tail-dependent
2006-02-28,Student-t,0.17832573908061172,0.17832573908061172,0.17832573908061172,6.496292184789622e-300,-0.664530372587989,1.775645855280276,Tail-dependent
2006-03-31,Student-t,0.19540925210443855,0.19540925210443855,0.19540925210443855,6.496292184789622e-300,-0.5124172171161936,1.9750651605024214,Tail-dependent
2006-04-30,Student-t,0.19776341845463954,0.19776341845463954,0.19776341845463954,6.496292184789622e-300,-0.036776076202929,1.996209530243322,Tail-dependent
2006-05-31,Student-t,0.205526195828598,0.205526195828598,0.205526195828598,6.496292184789622e-300,-0.014858815504672052,1.9519657317025723,Tail-dependent
2006-06-30,Student-t,0.20352271116284099,0.20352271116284099,0.20352271116284099,6.496292184789622e-300,-0.039115450830702336,1.9663892593994694,Tail-dependent
2006-07-31,Student-t,0.19504797593386727,0.19504797593386727,0.19504797593386727,6.496292184789622e-300,0.1840651838221703,1.9710405523203673,Tail-dependent
2006-08-31,Student-t,0.20438967774380376,0.20438967774380376,0.20438967774380376,6.496292184789622e-300,-0.32742657727644353,1.9565505486222678,Tail-dependent
2006-09-30,Gumbel,0.0,0.17776213713457145,0.19344944156878396,8.184613710126911e-150,-1.0388153481711013,1.3796386323522096,Tail-dependent
2006-10-31,Gumbel,0.0,0.18378415275678361,0.1982070856711166,6.231638978625003e-32,-1.2186885755039238,1.2783436476830135,Tail-dependent
2006-11-30,Gumbel,0.0,0.202928021810576,0.19071978979573143,0.001375726611700012,-1.864795364100368,0.6780986657612436,Tail-dependent
2006-12-31,Gumbel,0.0,0.20296909094466353,0.19645004686269232,0.002287178665231525,-1.8531078726092893,0.6789672052057099,Tail-dependent
2007-01-31,Gumbel,0.0,0.20434361237922882,0.2088904327232959,0.003064360929231714,-1.8884216499221003,0.6639709386301635,Tail-dependent
2007-02-28,Gumbel,0.0,0.20743182858333364,0.20951161730717333,0.004741953994043132,-1.9911414127743314,0.5694082623295,Tail-dependent
2007-03-31,Gumbel,0.0,0.22671006341836786,0.21935530475061207,0.031148462286274627,-2.692675652637197,-0.08070102573364801,Tail-dependent
2007-04-30,Gumbel,0.0,0.26487844739284916,0.26216153425266703,0.06262623841130763,-4.383627728435212,-1.0664156025461136,Tail-dependent
2007-05-31,Gumbel,0.0,0.26975217965628406,0.2702672024829421,0.06938974547761138,-4.592391622291943,-1.1737027466158598,Tail-dependent
2007-06-30,Gumbel,0.0,0.29057135234837794,0.27908422792964127,0.1301380743603344,-5.6037962898873666,-2.1595883922669277,Tail-dependent
2007-07-31,Gumbel,0.0,0.3280579951957743,0.2651122879631236,0.2264708973221215,-7.726055287115441,-4.584773881066333,Tail-dependent
2007-08-31,Gumbel,0.0,0.3428825893840326,0.2789769046582007,0.24925166568110646,-8.583977839766312,-5.339298810263784,Tail-dependent
2007-09-30,Gumbel,0.0,0.39414041968730595,0.2638289441535205,0.3321362008977769,-12.730827708593498,-10.009858688584997,Tail-dependent
2007-10-31,Gumbel,0.0,0.4276962049196924,0.2784354888449288,0.38956865289213166,-15.624276819783432,-13.03919081061891,Tail-dependent
2007-11-30,Gumbel,0.0,0.4480216911750077,0.2695790721402659,0.40563672365833114,-17.535176005778844,-14.79183496267764,Tail-dependent
2007-12-31,Gumbel,0.0,0.46868038065999484,0.179408241378535,0.41597799802846663,-20.80698845356204,-17.993289740292273,Tail-dependent
2008-01-31,Gumbel,0.0,0.48768163473216153,0.08764340118830061,0.4300898265845256,-23.226598793499925,-20.587490550639167,Tail-dependent
2008-02-29,Gumbel,0.0,0.47224585143402775,0.1958940479561641,0.4273704583363774,-20.14405360408667,-17.597064152162847,Tail-dependent
2008-03-31,Gumbel,0.0,0.47915915690046385,0.24777604676982926,0.45133068172405744,-20.83777895075866,-18.419915827484513,Tail-dependent
2008-04-30,Gumbel,0.0,0.48455920278747544,0.22464442483172498,0.4346273334584569,-22.567361266267717,-19.541007833407754,Tail-dependent
2008-05-31,Gumbel,0.0,0.4646536062308311,0.2041187432754801,0.42071249823306855,-20.17852362598974,-17.684876522955406,Tail-dependent
2008-06-30,Gumbel,0.0,0.43390145004450353,0.3388360574675714,0.39591241723312914,-15.994167669704524,-12.363101338442897,Tail-dependent
2008-07-31,Gumbel,0.0,0.45933556325493785,0.3265009084089906,0.44191658759043,-18.554210701726312,-15.65758903216938,Tail-dependent
2008-08-31,Gumbel,0.0,0.47767696710012153,0.32944821688704634,0.4636689325231872,-20.45086364542333,-17.47137884160306,Tail-dependent
2008-09-30,Gumbel,0.0,0.47858684815125807,0.27611725594623243,0.4467302562633698,-20.715320749237844,-18.14288283622457,Tail-dependent
2008-10-31,Student-t,0.3297994644194057,0.3297994644194057,0.3297994644194057,0.3730545539138061,-14.504703341137262,-8.787571600230237,Tail-dependent
2008-11-30,Student-t,0.31080400502304667,0.31080400502304667,0.31080400502304667,0.3410356539194633,-12.107747601063366,-7.308921547176986,Tail-dependent
2008-12-31,Student-t,0.2983838429551213,0.2983838429551213,0.2983838429551213,0.3291172261945086,-10.571675499226243,-6.226219333174511,Tail-dependent
2009-01-31,Student-t,0.2728714333871271,0.2728714333871271,0.2728714333871271,0.30538631689228357,-9.247448126761018,-5.8366195830660805,Tail-dependent
2009-02-28,Student-t,0.24802882817888416,0.24802882817888416,0.24802882817888416,0.25956823255438544,-7.354264968280633,-4.8202604929365105,Tail-dependent
2009-03-31,Student-t,0.2504597676119055,0.2504597676119055,0.2504597676119055,0.2044814465114688,-5.956530365301603,-3.168095387033633,Tail-dependent
2009-04-30,Student-t,0.27952419993462796,0.27952419993462796,0.27952419993462796,0.09359490157192042,-8.040220159957077,0.5647873855371586,Tail-dependent
2009-05-31,Student-t,0.2667259144355106,0.2667259144355106,0.2667259144355106,0.015029126259208716,-7.737907264468884,1.6252161190745118,Tail-dependent
2009-06-30,Student-t,0.2706658760312698,0.2706658760312698,0.2706658760312698,0.017471656638970698,-7.986361364473556,1.6251227661528456,Tail-dependent
2009-07-31,Student-t,0.24049655178485996,0.24049655178485996,0.24049655178485996,7.976430548848997e-07,-7.234953315824619,2.1397370188461795,Tail-dependent
2009-08-31,Student-t,0.23579010945504383,0.23579010945504383,0.23579010945504383,5.381966071872681e-07,-7.103467640193347,2.1111770467279967,Tail-dependent
2009-09-30,Student-t,0.23036796958473735,0.23036796958473735,0.23036796958473735,1.6493641852485795e-09,-7.50522377067529,2.096532211152801,Tail-dependent
2009-10-31,Student-t,0.23501099533175931,0.23501099533175931,0.23501099533175931,1.067787772271163e-09,-7.4997225425595175,2.1202942715543505,Tail-dependent
2009-11-30,Student-t,0.22501947472756484,0.22501947472756484,0.22501947472756484,6.657140054775105e-19,-7.448214115184085,2.596450909987869,Tail-dependent
2009-12-31,Student-t,0.22806676086628985,0.22806676086628985,0.22806676086628985,2.915831398720729e-18,-8.068721961687501,2.6065348518149545,Tail-dependent
