date,nan,nan,nan,nan,nan
1985-01-31,0.0430656840875,-0.0140423499153,0.153375702783,-0.0156250386234,0.05604078964
1985-02-28,0.0381283572367,0.0474490059784,0.0430608465146,-0.193814897323,0.0993158768092
1985-03-31,-0.0527186264907,-0.0834907159498,0.0328034066618,0.071045410554,-0.117085377758
1985-04-30,0.0396339206576,0.0600505679192,0.024412726163,0.0474996109576,0.0195043361412
1985-05-31,0.0639184945413,0.0455164948156,0.121216085233,0.144523580075,0.0201464392887
1985-06-30,0.010832082759,0.0464698936839,0.0069116112249,0.00151756978314,-0.033609624742
1985-07-31,-0.030555858881,0.0326355627076,-0.0223405442558,-0.0111581576869,-0.132704425832
1985-08-31,0.0522580255168,0.040448797894,0.06631777055,0.158597997574,0.0229962985218
1985-09-30,0.0066317821423,0.021128661202,-0.00947535451687,0.145567837459,-0.0481371291368
1985-10-31,0.00786208076486,-0.0177636547141,0.12472422145,-0.181499668279,0.0196391835272
1985-11-30,0.0478923203251,-0.00047507796578,0.112089717069,0.07423632469870001,0.0594834188882
1985-12-31,0.0220750039143,-0.00546622432075,0.106416653237,0.0959303373454,-0.0267829375552
1986-01-31,-0.0260395242898,-0.0919249352905,0.0566824312452,-0.0307552982719,0.0123190502207
1986-02-28,0.101386689515,0.0592464507491,0.166338878781,0.222010957724,0.0756748163118
1986-03-31,0.0858393274583,0.0466236029577,0.316653961427,0.209417925743,-0.0663729503202
1986-04-30,0.00731224760811,-0.0731751964364,0.0363700830762,0.0553464899398,0.0929430564394
1986-05-31,-0.0419919607424,-0.0395545219069,-0.00393010369047,-0.152513530409,-0.02834697766
1986-06-30,0.0372896799797,0.0335635197759,-0.0268916696637,0.0647141125958,0.079898598945
1986-07-31,0.0395022166246,0.0411010542609,-0.0386248355218,0.0142367533101,0.106093289191
1986-08-31,0.0246058006815,-0.0501017873501,0.186232096264,0.0987976710003,-0.00924018592166
1986-09-30,-0.0405446928047,0.0120476992876,-0.0813032624363,-0.214668330718,-0.020695537263
1986-10-31,-0.0124481539133,0.00745287060355,0.0298962287726,0.0123813696687,-0.0860620312386
1986-11-30,0.0416178981506,0.0213760647407,0.032453306644,0.0822902314308,0.0635941058127
1986-12-31,-0.00301359984141,-0.034963485001899997,0.0323601943701,-0.0144965981265,0.0258279552895
1987-01-31,0.0654878027173,0.0234350518899,0.0739948588374,0.0959077498769,0.113016054788
1987-02-28,0.0392469659063,0.0390925148492,0.0714799361184,0.0623019597884,0.00571053830354
1987-03-31,0.0437458072991,0.0291738286588,0.0596395665934,0.114907179952,0.0252472154037
1987-04-30,-0.00774275560985,0.0119082223554,0.0128506400133,-0.0717184204756,-0.0223140183393
1987-05-31,0.0172201674595,0.0368510440289,0.0628533796362,0.0102258177543,-0.0445897880554
1987-06-30,-0.000999462307813,0.0329795965746,0.00939804484109,-0.148177919691,0.0109914594582
1987-07-31,0.0401819773673,0.0819514200564,0.0932034582689,-0.0295895558109,-0.0308333176444
1987-08-31,0.0100997020065,-0.0359208189426,0.0588464542153,0.0655162170027,0.018697205188
1987-09-30,0.0395311389726,0.0241594819069,0.0219560947836,0.0689200403103,0.0623564284664
1987-10-31,-0.105765616884,0.00716979288402,-0.347652361505,-0.203306210011,-0.0543946606546
1987-11-30,0.0468386635579,0.0364983449554,0.0605494745811,0.0321371418734,0.0602784872534
1987-12-31,0.0173483783313,-0.021675374583,0.00201501087268,0.00272390354849,0.0979482500975
1988-01-31,-0.0020282638582,-0.0205452502125,0.0391323887593,-0.0198774966379,0.00534442479621
1988-02-29,0.00558745553591,0.0167739988365,-0.0559498566113,0.0231292500399,0.0252575155017
1988-03-31,0.0419786720565,0.0152563432475,0.0189720797989,0.0689337692114,0.0880664216199
1988-04-30,0.00226017903748,-0.0124030597578,-0.022740430801,0.0180880657303,0.0363134878291
1988-05-31,0.0206220608636,0.0202543377027,-0.00509069231516,-0.0449121868587,0.0732559779468
1988-06-30,-0.00413297573447,0.0352044231169,-0.0568051573269,0.0560567221792,-0.0570079033449
1988-07-31,-0.018881378756,-0.0651580110873,-0.0449764197244,-0.0247653980654,0.0769032461497
1988-08-31,0.0140011057967,0.065453615194,0.049742081767,-0.0854855429134,-0.0445277750386
1988-09-30,0.0212645601596,0.0514419378628,-0.0768462689026,0.0510154382441,0.0321913948839
1988-10-31,0.0057001423919,-0.0147600299132,-0.0578781327647,0.118421427054,0.0294184792447
1988-11-30,0.00147601122372,-0.0238564121677,-0.0501015432776,-0.0439062510728,0.102959978618
1988-12-31,0.00467325948042,-0.0180902769726,0.0664728305665,-0.0532757275092,0.0233403407113
1989-01-31,0.0628893470999,-0.0124029288885,0.120570202469,-0.0496689741802,0.195120636528
1989-02-28,-0.0500445089519,0.0037065603943,-0.105899119843,0.116252753808,-0.176408041961
1989-03-31,0.0595052620386,0.0469243667031,0.0400672754369,0.00821317409691,0.119649546909
1989-04-30,0.00976486754166,0.00417012849141,0.0616669448376,-0.0544222332645,0.0117901968024
1989-05-31,0.0227575393477,0.0068590793087,0.00507203614837,0.0665556328561,0.0392951817214
1989-06-30,-0.00173874193148,0.00797911099668,0.0189333567729,0.000470542438321,-0.0337340586142
1989-07-31,0.0416078850486,0.0681172545179,0.145205251023,-0.0794908748039,-0.0175139278322
1989-08-31,0.0331340261664,0.0208321501144,0.0296175736026,-0.0213149773149,0.0824738377456
1989-09-30,0.0116498966284,0.0362271638981,-0.0273002692067,0.0858379801135,-0.0351455272481
1989-10-31,-0.0222559249675,0.00212536911812,-0.209215176827,0.0870175732502,0.0247230491828
1989-11-30,0.0225906230239,-0.0168959455466,0.0685392334452,0.0658589173317,0.0290154182907
1989-12-31,0.0591966696596,0.0966779865977,0.0826604348797,-0.0185491779638,0.0211263510708
1990-01-31,-0.00625464512981,0.0376960645979,-0.0703113243147,0.164851123145,-0.113353643614
1990-02-28,0.00861139199032,-0.0275855206481,-0.038746818895,0.211827817696,-0.000166384354183
1990-03-31,0.0488367204336,0.000333727758814,0.0648601552632,0.0876267900788,0.0942205145572
1990-04-30,-0.0159391263752,-0.0344653524105,-0.077746536095,0.0729380177272,0.015311050086
1990-05-31,-0.0488431629701,-0.0063973678075,-0.0717565788466,-0.18337844371,-0.0315963030339
1990-06-30,0.00998235305628,0.00539244661005,-0.00625383492571,-0.0213508529507,0.0450934489194
1990-07-31,0.0338611954536,0.0466317750732,0.00990015989921,-0.009180612915,0.0520685769376
1990-08-31,0.109783386143,0.121838919831,0.167995617518,0.142757792248,0.029544453411
1990-09-30,0.0506438422419,0.0453981164697,0.142491520472,0.0543304829747,-0.0113423605103
1990-10-31,-0.0391713970651,0.0125647817189,-0.08365647324,-0.0930520512945,-0.0650942274593
1990-11-30,-0.00567390130774,-0.0217326567755,0.0326762305278,-0.033824733783,0.00640350849953
1990-12-31,0.00830858170148,0.0202995884067,0.020736035974,-7.36308762288e-05,-0.0168059138893
1991-01-31,-0.00332949367137,0.00292077153281,-0.030127452102,-0.0668565351439,0.0381153872142
1991-02-28,-0.0214632357334,0.0272214244207,-0.135592727891,-0.0506942161591,-0.00239172665887
1991-03-31,-0.0189675001139,-0.0133391530479,-0.0350107119731,-0.0216652561179,-0.0149667916607
1991-04-30,0.0335279920337,0.0481049968652,-0.0149784387636,0.0297150641226,0.0481547590197
1991-05-31,-0.00755614048455,-0.00338007134016,-0.0247645422516,0.015709686632,-0.0171205058109
1991-06-30,0.00865432143095,0.0125418206665,0.0737335865342,-0.0733377022735,0.00802705634725
1991-07-31,-0.0252208243228,-0.0387912956689,-0.0171317773037,0.0219444495039,-0.0389828006159
1991-08-31,0.0344704516131,0.00617643168185,0.0260354499326,0.123957469699,0.0306532256956
1991-09-30,0.025530572175,-0.0049850137161,-0.0212715574205,0.173791729271,0.0151936732841
1991-10-31,0.00632395239063,-0.0373975903101,0.0090373766278,0.0814930560386,0.0306888481737
1991-11-30,2.89202546824e-05,0.0427729643742,-0.0682381433139,0.0153888336012,-0.0338128015091
1991-12-31,0.0750626616748,0.108849968043,0.0608491444818,0.220074613659,-0.0700796212299
1992-01-31,-0.0155516462137,-0.0207199164628,0.0375100214755,-0.0694188038039,-0.00996129646379
1992-02-29,-0.00186608957144,-0.0240737554595,0.0446252086574,0.0144583648664,-0.00690347874008
1992-03-31,-0.0182906606584,0.00854024864587,-0.00112183340007,-0.111001385935,-0.0185501313088
1992-04-30,0.019652791903,0.0336902953327,0.0364953883326,0.0375778186601,-0.0318343881642
1992-05-31,0.0125574678085,-0.0297564410642,-0.0202585410052,0.105489996618,0.0563161138849
1992-06-30,0.0250241699053,0.0146569610523,0.0183913734238,0.0898210783776,0.00667131191999
1992-07-31,0.0534608143244,0.015777052704,0.0870216548629,0.188530453551,0.0104709675422
1992-08-31,0.0505338850782,0.0481097755342,0.0603505736763,0.00598274909192,0.077518335913
1992-09-30,0.0335581352101,0.015062781608,0.0323237308348,0.00369537749024,0.0898418713756
1992-10-31,-0.00642242736132,0.00937144330517,-0.0263079391621,0.0334778865805,-0.0483800882493
1992-11-30,0.0161428934125,0.00454501976469,-0.0275779599721,-0.0499716775585,0.115239171923
1992-12-31,0.0205940247143,0.00643852057637,-0.0158104148056,0.0989874611585,0.0227664463226
1993-01-31,0.0243637594366,-0.000608986719252,-0.0226433523166,0.122594490336,0.0419963694506
1993-02-28,0.0543980866662,0.0672862575554,-0.0731114574622,0.21782882071,0.0163740945291
1993-03-31,-0.00502012827199,0.00848909135127,-0.0211566227206,-0.0257495031487,-0.00499084512896
1993-04-30,-0.0109789876186,-0.00804841670907,-0.0432769475546,0.0073896645443,-0.00614893436542
1993-05-31,0.0291507494744,0.0357009581931,0.00544331133607,-0.0212191345875,0.0721541744137
1993-06-30,0.0155921920676,-0.0140069463985,-0.0589856585826,0.155144064777,0.0235933575831
1993-07-31,0.0319723275252,0.0169172952861,0.0249295602199,0.0949166368312,0.0189016494831
1993-08-31,0.0683124530837,-0.00404854730685,0.171330344487,0.166453166642,0.0561354167779
1993-09-30,-0.0218354092088,-0.0341947528642,-0.0932905952386,0.0129141478539,0.0293825545227
1993-10-31,0.0448364163518,0.0377154396088,0.132509645731,0.0888878012809,-0.0403085056221
1993-11-30,0.00845372749512,0.0645920467653,-0.114226192458,-0.0194753303029,0.0138120155405
1993-12-31,0.0618763403157,0.0496943411826,0.179458661067,0.0987813681808,-0.0306403394752
1994-01-31,0.0113237556706,-0.0113355741056,0.111810364802,0.0223987268128,-0.0289170474631
1994-02-28,-0.0476067314838,0.00664809145688,-0.102151857297,-0.25866261447,0.0476056144798
1994-03-31,-0.0645314229045,-0.0154037176678,-0.102074251383,-0.217993469602,-0.0154392015602
1994-04-30,-0.00267154100586,-0.0199330963418,0.0392746886692,-0.0381345095341,0.0299443711833
1994-05-31,0.00451827006266,0.0631948270267,-0.0742980362254,-0.0288790183154,-0.025891540501
1994-06-30,-0.0126539208981,-0.012718994399,-0.102274151824,0.025551107282,0.0228538758146
1994-07-31,-0.0195695692346,-0.0263524284844,0.00699162744513,-0.0621017353272,0.00951872349915
1994-08-31,0.019818197001,0.0392822459902,0.0139304849076,-0.0144392245287,0.0138537343674
1994-09-30,0.0276301886861,0.0384102834299,-0.0434238041661,0.0902578698936,0.00717075949793
1994-10-31,0.0164539197724,0.0422014231194,-0.0309503553577,0.0194301388643,-0.00196806315061
1994-11-30,0.0222028144883,0.0686250894694,-0.000405440938301,-0.0166300650201,-0.0213248109804
1994-12-31,0.0184706444786,0.00879455066415,0.0352539900977,-0.00195810914479,0.0422592842461
1995-01-31,0.00799703747955,0.0218196034295,0.0122845114496,-0.0499134451802,0.0253950356518
1995-02-28,-0.0247475965264,-0.0165488596041,-0.00532301902907,-0.150010824153,0.0486725195282
1995-03-31,0.0418829080494,-0.0194601359806,0.0634913897679,0.00264860542868,0.181057887005
1995-04-30,-0.010414273884,0.0132470374391,-0.0756002605514,-0.00503293801699,-0.0133318530858
1995-05-31,0.0109390625727,-0.00938364398064,0.003660351409,0.133700621132,-0.0452577897474
1995-06-30,0.0102943716668,0.0199566761937,0.0448617558703,-0.0509712853481,0.0160989386392
1995-07-31,-0.0144575467,-0.0107871871415,-0.0039530444309,-0.0207410621436,-0.0244403796494
1995-08-31,-0.0156145691337,-0.0150935363368,-0.00661662230188,0.0691975678071,-0.0940818756354
1995-09-30,0.0450598712264,0.0187513079082,0.0554971164942,0.0782289928718,0.0622081292078
1995-10-31,0.0175960426564,0.00524979238651,-0.0301262126275,0.0534771300375,0.0481793285081
1995-11-30,0.0327935629125,0.0134128649119,0.0126350996806,0.152508702809,-0.0130888102423
1995-12-31,0.0156292940421,0.0130129755541,-0.00630250857266,0.0445504101665,0.0132098528753
1996-01-31,-0.0270373369377,-0.0784861757876,0.050568906409,0.0313820949705,-0.0310272016717
1996-02-29,-0.0228422264653,0.0376091939566,0.014660555835,-0.202988611111,-0.0217501668293
1996-03-31,0.0250101412843,0.0367924533011,0.0285810707783,-0.0454614820462,0.0574936729057
1996-04-30,0.0411666490578,0.0638136807326,0.0522262318657,-0.0119687421143,0.0318573912459
1996-05-31,0.00239541234836,-0.0171543682622,-0.00267185023721,-0.0092646609956,0.0550121482952
1996-06-30,0.0178020284967,0.0293989540057,0.0134931810156,-0.00330586527776,0.0154297245682
1996-07-31,-0.045052582544,0.00971239003941,-0.145714102195,0.0210484636196,-0.134170593109
1996-08-31,0.0426292201134,0.0213981030956,0.035545856144,0.0783060199249,0.0606733106163
1996-09-30,0.0857125983494,0.0818241336594,0.101368215246,0.0649094161649,0.099083800211
1996-10-31,0.0221179125485,-0.0110212132363,0.0263197526565,0.0537391568625,0.0588937471089
1996-11-30,0.0761269476331,0.0327213270662,0.176793014396,0.055818477306,0.104362363968
1996-12-31,0.0302506397991,0.0330654030757,0.0239005388506,-0.000988314419085,0.0554161508056
1997-01-31,0.0391017473924,-0.020181608289,0.161969109146,0.046682037852,0.0592010287237
1997-02-28,-0.0160552996317,-0.0730242487525,0.0463091805757,0.0213657075787,0.0199250657789
1997-03-31,0.020536853183,0.0306410167873,0.0151405147499,-0.0230142618619,0.04066837567
1997-04-30,0.029541879532,0.024099156657,0.0644152664441,0.0214487724936,0.0210165409633
1997-05-31,0.00875655612341,0.0411189745756,0.0676499193447,0.0557026661727,-0.139260061571
1997-06-30,0.0341009865349,-0.0171752271454,0.11870794469,0.103764136287,0.0151455704851
1997-07-31,0.074552126362,0.0176005911032,0.159771507455,0.1825948578,0.0255014905751
1997-08-31,-0.0551029469295,-0.0412865540871,-0.11951453744,-0.0785114302453,-0.0129692633583
1997-09-30,0.0396019365087,-0.0300378473534,0.15086555135,0.127091176506,0.0152353231044
1997-10-31,-0.00375770610952,0.0071919621768,-0.14432220047,0.0698338728248,0.0123073807317
1997-11-30,0.0169985438795,0.00710125846355,0.0521870299991,-0.0213739306328,0.0455765184247
1997-12-31,0.0496992946789,0.0595681890846,0.0515182679416,0.0627947914389,0.0165930705573
1998-01-31,0.0297760815947,0.0118337302184,0.0626001330791,0.109345474875,-0.0318958647729
1998-02-28,0.0275002098538,0.0461438986111,0.0961917756303,-0.0214512256231,-0.0164336928059
1998-03-31,0.0486037903451,0.0189425641709,0.137274841056,0.0309825514758,0.0575757569573
1998-04-30,0.0026556803108,0.0245546948579,-0.00624161708606,-0.00114791890957,-0.0309827431171
1998-05-31,0.0481595765989,0.0435443862167,0.0282021443439,0.0953242962599,0.0291237051986
1998-06-30,0.0299044907023,0.0327321184912,0.0173272774699,-0.000734149394098,0.0643207851453
1998-07-31,0.0443308109002,0.0919056792685,0.00376497716561,0.014361897922,0.00957436244274
1998-08-31,0.063100425683,0.0636053646702,-0.173329259241,0.212215431998,0.0902978050868
1998-09-30,0.007636631235,-0.0712443943132,-0.0823069146366,0.288572501472,-0.0480795285022
1998-10-31,-0.0114861119661,0.00454995029702,0.0472208244504,-0.0389600197865,-0.0601145309843
1998-11-30,0.0322691212305,0.0608664406632,0.0593845488973,-0.00853494668034,-0.00445802047394
1998-12-31,0.038637675999,0.0822427004783,0.045069614226,-0.0371018914734,0.0223432408426
1999-01-31,-0.00293724850998,0.019427603712,0.0106767285308,0.0338790766052,-0.0946937608497
1999-02-28,-0.0258629676139,0.0534680541216,-0.00894796400419,-0.183190685662,-0.0398835457443
1999-03-31,-0.0384443335606,-0.0941927462138,-0.00759948645944,0.056781843043,-0.0453073201838
1999-04-30,-0.00807887774631,-0.017764323277,0.0387275590887,0.0115105687176,-0.0434022607752
1999-05-31,0.00382942955438,0.0925937974762,-0.0635459888885,-0.108430366064,-0.0109079468387
1999-06-30,-0.0232683645508,-0.0556924453846,0.0341312788786,-0.0655064393964,0.0407681393902
1999-07-31,0.0048770556009,0.0290463480351,-0.00282217292694,-0.02154946113,-0.0112605911408
1999-08-31,-0.00189634103684,-0.00541429675988,-0.0470986120633,-0.00664760658391,0.0437925392261
1999-09-30,0.00379121382254,-0.00163316014651,-0.0411985373622,0.0129553703564,0.0392181186154
1999-10-31,0.0187567590447,-0.0239917525447,0.0728207350872,0.0525932285213,0.029869330715
1999-11-30,0.0595405487744,0.0533335914494,0.132070518253,0.00825392394191,0.068843611148
1999-12-31,0.0667618027453,0.0439453113339,0.201264023311,0.0733821021726,0.00489782071633
2000-01-31,0.00347870671206,0.0174914021449,-0.11754544783,0.0726923730343,-0.00299223456923
2000-02-29,0.0190371326937,0.0465120769897,0.13289825746,-0.0974772326087,-0.00479423417108
2000-03-31,-0.034905212254,-0.0520774263617,-0.0145810906255,-0.0975089507379,0.0520168414307
2000-04-30,0.0177220394053,0.0258397033604,-0.0194867031612,0.048839739799,-0.0043175736732
2000-05-31,0.00963292566468,0.0392174962357,-0.0370374959175,-0.00450884167782,0.000786848663735
2000-06-30,0.0113655410429,0.0585811288788,0.0305466483954,-0.0336153637468,-0.0487221516213
2000-07-31,-0.000295601419651,-0.00686006600089,-0.0186812654161,0.00237648871728,0.0237278114251
2000-08-31,0.0545244987095,0.0850447357868,0.0201551635893,-0.00632763950887,0.0851841756318
2000-09-30,-0.0137931583784,-0.0087762432344,-0.0546047464275,-0.0383183566197,0.0333506671318
2000-10-31,0.027338240586,0.0168789021829,0.0252237667809,0.0081938241958,0.0705825571689
2000-11-30,0.0400885659468,0.0566524197841,-0.0455693115114,0.157241089065,-0.0557109670128
2000-12-31,-0.0112890705616,-0.0272135472354,-0.0148879485203,0.140964716271,-0.141682561146
2001-01-31,0.00140829967428,-0.0228121236081,-0.0429138072902,0.0594452050484,0.020217412307
2001-02-28,0.0301856076414,0.00432178825355,0.0446441528717,0.0416347032785,0.0586661505543
2001-03-31,0.0612331206984,0.0566724166509,0.0560673360125,0.0299746241809,0.108092238535
2001-04-30,-0.0622760567654,0.0230017486466,-0.117394889403,-0.178999602579,-0.0650420351464
2001-05-31,-0.000454653511477,-0.00397425718792,0.0434923600093,-0.0156863714646,-0.00987467851667
2001-06-30,0.0214597823881,0.00880451820963,0.0601751757327,0.0122457313557,0.027715654355
2001-07-31,0.00571883157267,-0.0379437546354,0.0427365450844,0.0602282696314,0.00622882762465
2001-08-31,0.039550375738,0.0132279100273,0.117069855504,0.102586212604,-0.0342331259359
2001-09-30,0.0937283267343,0.0742902452578,0.242334771453,0.0706234159188,0.0461799761984
2001-10-31,0.0494879025584,0.0421401745409,-0.0587622204342,0.172616955255,0.0119811437498
2001-11-30,-0.0575464027481,-0.0357061806401,-0.0611330133247,-0.132098529319,-0.017772085246
2001-12-31,-0.00409158630641,0.019815053473,-0.0130337901863,-0.0980298250242,0.0565682123222
2002-01-31,0.0159484269901,0.0163035221916,0.0353921474591,-0.0265669716441,0.0467137947557
2002-02-28,0.00448793125285,-0.00677715913501,-0.00139951121748,0.0289101111053,0.00497633237457
2002-03-31,-0.0499625370524,-0.0603034878294,-0.0672699475454,-0.0442173182849,-0.0225240646267
2002-04-30,0.0167648129763,0.0434665193786,0.0459248529782,-0.0271458474934,-0.0109387476542
2002-05-31,0.0285960258019,0.032098885957,0.047824757814,0.0265611910494,0.00937316079782
2002-06-30,0.0613069954502,-0.0211674005155,0.184151769072,0.128313640011,0.0615316755585
2002-07-31,0.0565956083227,0.0212670645661,0.185173939326,0.136849676999,-0.0561229601489
2002-08-31,0.0331377612595,0.0182448898114,-0.00364930991779,0.123001445501,-0.00683851705582
2002-09-30,0.0684994388667,-0.000996255467255,0.16410187285,0.140148687404,0.0581689827984
2002-10-31,-0.0305178506282,-0.0421908622648,-0.0935653682056,-0.0389579587147,0.0492572612552
2002-11-30,-0.00870303217282,-0.00816876646607,-0.0555061572632,-0.0299960863581,0.0483982555988
2002-12-31,0.0929358944269,0.0829831622892,0.0919968401565,0.155226652034,0.0460639953307
2003-01-31,0.0490144441522,0.0501329450113,0.0557874220862,0.0180255475544,0.0752690136309
2003-02-28,0.0499062307064,0.0406263538686,0.0413070593281,0.0969401974888,0.0239618989012
2003-03-31,-0.0265870233674,-0.0616139094066,0.0312919058125,-0.0472301714351,0.0224209622329
2003-04-30,-0.000196539035637,-0.0157596503616,-0.1149824898,0.0243027889939,0.0904782079908
2003-05-31,0.0651037735738,0.00953318736585,-0.0460744418367,0.180272778081,0.134862185998
2003-06-30,-0.022558400111,-0.0183457835139,-0.0411063919545,-0.0654664808478,0.0294111147087
2003-07-31,-0.0718800825034,-0.0279083210128,-0.0652113137091,-0.177955145184,-0.0499105308435
2003-08-31,-0.0207635143304,-0.00460392077233,-0.0333529686601,-0.0175423924549,-0.0471301593976
2003-09-30,0.059499229848599997,0.0456108337044,0.00894942225148,0.111518846483,0.0688337931473
2003-10-31,0.0356398037415,0.0976456947244,0.0983920191702,-0.118262449387,0.0312913010936
2003-11-30,0.0192538163661,0.0188648067797,0.00881777451952,-0.0148490562794,0.0648036456229
2003-12-31,0.0740312388359,0.0835666204267,0.0782979229267,0.03145752868,0.0978819819216
2004-01-31,0.00831966077671,-0.010677021825,0.0336145587389,0.0454673510298,-0.0129014785989
2004-02-29,0.0587351874022,0.093599582658,0.0569376916297,0.0361480125654,0.0148239581264
2004-03-31,0.00391589331474,0.0139871710767,-0.0421034683105,0.0495923890092,-0.031195011326
2004-04-30,-0.0445723641091,-0.0242138930526,0.0226205470668,-0.117239155396,-0.0569616323761
2004-05-31,-0.0144677693417,-0.0166079484187,-0.00239148895326,-0.0451294772675,0.0139722287741
2004-06-30,-0.0158448600425,-0.0423200538501,0.0585120653662,-0.0192561503601,-0.0149666019732
2004-07-31,-0.00689842155306,0.0141911452746,-0.0696716707169,-0.00155637127714,-0.00778483946783
2004-08-31,0.00365464527835,-0.021453961308,-0.0180280823706,0.0577188278622,0.0115643730552
2004-09-30,0.058814122137,0.0822959281172,0.0537935918791,0.0203647404349,0.0572694047139
2004-10-31,0.0112223411198,-0.0182170805113,0.0649585478533,0.0602024922517,-0.0232628010608
2004-11-30,0.0523725398493,0.0438849506218,0.0913160166595,0.0156405090141,0.0799331441015
2004-12-31,0.00896577055112,-0.0275769416833,0.107511907968,0.0390502281026,-0.0244499037233
2005-01-31,0.023267469828,0.0407163011347,0.0317824187151,0.046683849137,-0.0433841487022
2005-02-28,-0.0134010049235,-0.0435952387961,0.0867171356927,-0.0855998742825,0.0501142991653
2005-03-31,0.00567629181766,0.0227297256528,-0.0182844268079,0.0321954561185,-0.0391891315427
2005-04-30,-0.0368072435047,-0.0335429687628,-0.145904888024,0.0265252200622,-0.0301227284632
2005-05-31,0.0258171319581,-0.0260620142018,0.149917924988,0.104842532286,-0.0491110208502
2005-06-30,0.0505092296483,0.0188503565585,0.111385529139,0.0770608565926,0.0394054886873
2005-07-31,0.00348434342283,0.0155043822269,0.136044233814,-0.105547907377,-0.00185738027864
2005-08-31,0.022144319316,0.0203210953613,0.00997368474901,0.067648803911,-0.0143777818273
2005-09-30,0.0159647903021,-0.00463871140878,0.179303093681,-0.0813106058662,0.040049745372
2005-10-31,-0.0224097051255,0.00386300746894,-0.106920357031,-0.0537857226586,0.0224185442758
2005-11-30,0.0377488178033,0.0234688411617,0.129002118603,0.00140251058855,0.0372439616358
2005-12-31,0.0187721418189,0.0167002387704,0.105952165624,0.0142650242769,-0.0375863592675
2006-01-31,0.0388701082053,0.0800492970207,0.12868523766,-0.0277753871075,-0.0386503299275
2006-02-28,-0.00404421217174,-0.0493080531708,0.0447318878604,0.0232472996695,0.0203355903075
2006-03-31,0.0509153882861,0.0879136520309,0.0870643848666,-0.0418566480654,0.050310152742
2006-04-30,0.0248479541906,0.0876151945103,0.0187930490286,-0.0375387594114,-0.0285597411753
2006-05-31,-0.0287626564801,0.0106705777016,-0.161672423513,-0.00216053628038,-0.0367657631183
2006-06-30,0.00369537986405,-0.0243220293393,0.0234618058648,0.0502501090009,-0.00552891112817
2006-07-31,-0.00706818541286,0.0143757970783,0.0140797868245,-0.0787582303504,0.0118470857757
2006-08-31,-0.0137547171227,0.00170848055681,0.0610759967059,-0.11827476955,0.0124259089433
2006-09-30,0.0139593093092,0.0439122008412,0.0537882753666,-0.0437242155563,-0.0133277130268
2006-10-31,0.0160608162791,-0.0157971284257,0.0759563381699,0.0184517449324,0.0322648915627
2006-11-30,0.00951616077912,0.00497564684268,0.00887136152472,-0.0146853900753,0.0452991348517
2006-12-31,0.037558720806,0.00404117046575,0.091077943442,0.0567064378542,0.0437110443739
2007-01-31,0.0267549362159,0.00159736229669,0.0470598250665,0.0642976971648,0.0211700930552
2007-02-28,-0.0343807065971,0.013242928414,-0.0453038175747,-0.113259766208,-0.0359833288081
2007-03-31,0.019407304997,-0.0177638491931,0.0648443429722,0.0524008461146,0.0239288320183
2007-04-30,0.0505929616657,0.0279596551653,0.0940836376151,0.0282528828941,0.0874433197069
2007-05-31,0.0217605851163,0.0113568433602,0.0782007533526,0.0426201482746,-0.0223599176367
2007-06-30,0.0214990905268,-0.00666167871576,-0.0206293508349,0.0577188973123,0.0701788360157
2007-07-31,-0.0546226372931,-0.0415244427185,-0.114164729328,-0.057815451357,-0.0327035755136
2007-08-31,-0.022848362142,-0.00440232334499,-0.026118715888,-0.00628223450927,-0.0752343126952
2007-09-30,0.0411919359972,0.0233223940529,0.036596525127,0.037057614836,0.0848564259631
2007-10-31,0.0494080275252,0.0560720569953,0.0498832266949,0.00786714082137,0.0807261964704
2007-11-30,-0.0236360388151,-0.00441435229672,-0.0672027974308,0.0217986577218,-0.0786252641384
2007-12-31,0.0284454776095,0.039617515809,-0.00489405846618,0.0352458538551,0.0237389790013
2008-01-31,-0.032575099817,0.00559899599999,-0.164004019791,-0.0241449420369,-0.0194842723991
2008-02-29,0.0939174198701,0.161688153168,0.0234791771053,0.068261850964,0.0389981683286
2008-03-31,-0.0276668141128,-0.0861481335818,0.046600272002,-0.00802249037285,0.0123141595208
2008-04-30,-0.0217593211267,0.027147696027,-0.0975246708063,-0.0869001950516,0.00781993691081
2008-05-31,0.00122034259518,0.0347182668824,-0.0186143972452,-0.0607430889655,0.0162275997584
2008-06-30,0.0792888456349,0.0811405447811,0.179298628086,0.0521843949993,0.0299412653598
2008-07-31,-0.0350605534464,-0.0910003035771,0.0481430482675,-0.00416491587866,-0.0190540285024
2008-08-31,-0.0355209029684,-0.043356392641,-0.0193204490836,-0.000300896189967,-0.0701552713802
2008-09-30,-0.014832648093,-0.0663232038158,0.201965015821,0.00108412260142,-0.0916929528352
2008-10-31,0.0895220720181,0.0144657311696,0.205630211789,0.0471626383522,0.198443035358
2008-11-30,0.0797285126098,0.045542496617,0.0369893158909,0.205328301022,0.0440885046882
2008-12-31,0.06105732976,0.0324534191742,-0.0059764606025,0.129447960599,0.0944506436276
2009-01-31,0.00265201687289,0.0210111954173,0.0544313718094,-0.0675271668703,0.0031265926368
2009-02-28,0.0254357805922,0.0251968240872,0.0793835203879,0.0149348953556,-0.00317115223808
2009-03-31,-0.0222581590226,-0.0344971633232,-0.0448214712467,0.049361556381,-0.0584456912736
2009-04-30,-0.0447041584469,-0.0242946503872,-0.116546544744,-0.0494816582741,-0.026465760031
2009-05-31,-0.0736745472226,-0.0814832734687,-0.0526926227193,-0.0785694699774,-0.0684907051234
2009-06-30,0.0150275030951,0.030706360868,0.0019308465008,0.0124665420499,-0.00373334553956
2009-07-31,-0.0338408708629,-0.027593462994,-0.109920563606,0.0173645802319,-0.0447484890626
2009-08-31,0.0206192928564,0.0384176801431,-0.0711627386775,0.0497313101616,0.0223210231862
2009-09-30,0.00888006360212,0.00103915183693,-0.0381868977172,0.0429852062748,0.0229148702265
2009-10-31,-0.0230531475503,-0.0413557836738,-0.00326495959842,-0.0148773933252,-0.0101460833441
2009-11-30,0.0434429528637,0.0284370299343,0.0572412649763,0.0785839313872,0.0250366712376
2009-12-31,-0.0151155424461,0.0134304203677,0.0610449651076,-0.0992095634111,-0.0382259926936
2010-01-31,-0.0463332510885,-0.0507234379369,-0.0922919552173,-0.0225916748419,-0.0288038902287
2010-02-28,0.0207607079417,0.0321376064323,-0.00629960381141,0.0496015509842,-0.0129421018539
2010-03-31,0.0514204857607,0.0406720807307,0.150299584113,0.0209616777196,0.0317550141013
2010-04-30,0.0214877700494,0.0258897247879,-0.0273865002561,0.0474373389587,0.0212275303166
2010-05-31,-0.0514921747607,-0.095663876002,-0.155003192934,0.083289204731,-0.0315286697645
2010-06-30,0.0117791261727,-0.0310032557342,-0.0448402398967,0.0926220456516,0.0522285851029
2010-07-31,-0.0088030779969,-0.0351584329024,0.0579164302417,-0.00285095832259,-0.012580129012
2010-08-31,0.0578077515828,0.0209904389692,-0.0371376283845,0.212521757487,0.0350445720556
2010-09-30,0.0116919185593,0.0482430830702,0.0328480466156,-0.0475406928852,-0.0131088441066
2010-10-31,0.0210319752368,0.0772188939923,0.0266537756051,-0.0389001143037,-0.030631782215
2010-11-30,-0.00688888048984,-0.0131489129164,0.00713093317498,-0.0630746329523,0.0559842226157
2010-12-31,0.0452591828126,0.0876245942042,0.0727335893625,-0.0751465422795,0.0703620906334
2011-01-31,-0.00671276906886,0.036878960299,-0.0065619896419,-0.0479634191219,-0.0493211081506
2011-02-28,0.0416147736803,0.0476960954352,0.0646422166993,0.000176450109702,0.0570730651076
2011-03-31,-0.0163645374134,0.00806759439441,-0.056335519785,-0.0200808599585,-0.03122454816
2011-04-30,0.0513593655552,0.0256151429639,0.0609111571949,0.0756684007593,0.0693491788702
2011-05-31,-0.012246470785,-0.0559432507577,-0.0419346548017,0.106093014693,-0.0307878820952
2011-06-30,-0.0242229310712,-0.0457598604222,-0.0345433713667,-0.00148850692712,0.0019622983633
2011-07-31,0.0187571085061,0.0416430169858,-0.0997198111477,0.0472461315738,0.0309798729636
2011-08-31,0.0263421349212,0.0241324753365,-0.12049149751,0.176871578351,-0.0221868853016
2011-09-30,-0.0945849611696,-0.196181675852,0.0314342408873,0.0474200556766,-0.139744701598
2011-10-31,-0.0181187789001,0.00279518430557,-0.0734922426032,-0.0383489916433,0.00349945627091
2011-11-30,0.0246617085586,0.038153508509799997,0.0312901511214,0.0480963753482,-0.0326807789546
2011-12-31,0.0131832178208,-0.0140040698172,-0.0031460831185,0.0906009423045,-0.00406443272269
2012-01-31,-0.00623208665313,-0.00880943113908,-0.0432176388146,0.0226076585661,-0.00458129088094
2012-02-29,-0.0214879571745,0.00231179183663,-0.0512829464844,-0.0419598172646,-0.0245633647835
2012-03-31,0.00209847916288,0.0298219109027,0.0033648948494,-0.0278160017638,-0.0218908417445
2012-04-30,0.036490764023,0.00762528544684,0.0358110275928,0.108427411277,0.0168001556396
2012-05-31,0.107234215215,0.0608627984462,0.118281711162,0.1701832171,0.123496674753
2012-06-30,-0.0636018751664,-0.0432361853129,-0.0996821990091,-0.0765240996896,-0.0632739354248
2012-07-31,0.0181326241078,-0.022899080731,-0.0243906553679,0.0912727158622,0.0528533939912
2012-08-31,-0.0174694676036,-0.0203137447626,-0.026623255753,-0.00785328384547,-0.0153331045782
2012-09-30,-0.0376118011675,-0.0621271181637,0.00533146232706,-0.00827367817149,-0.0525715813749
2012-10-31,-0.0113961572008,-0.0170393831918,0.0227217203297,-0.0292123299856,-0.00639725951631
2012-11-30,-0.00264900134177,-0.0389506421014,0.00892795056505,0.0480301083605,0.00636919740328
2012-12-31,0.010385250707,-0.0218767253472,0.0686897252314,-0.0193053775231,0.0633456941713
2013-01-31,0.0080957690798,0.0297310491789,0.133464456987,-0.123044661418,0.0128674926574
2013-02-28,0.0186606203461,0.0355476091116,0.00688520859416,0.0593480877126,-0.0503598880178
2013-03-31,0.0126983013081,0.0025043935778,0.0187957738578,0.0448706322775,-0.00634034619383
2013-04-30,0.0607688523142,0.0639748975787,0.103929690928,0.0687288930652,0.0133627553448
2013-05-31,-0.0222436693411,0.0296480405951,0.0413220192712,-0.194699254908,0.0131255286915
2013-06-30,0.00531472007195,0.0367585886396,-0.113314812944,0.102234481078,-0.0735972750574
2013-07-31,0.0340220804376,0.0240958834947,0.133914842232,-0.0200623474194,0.0375463664896
2013-08-31,-0.00778663641207,-0.0281907441189,-0.0275617225122,0.047356337601,-0.0118853282708
2013-09-30,-0.0144524043972,-0.0213117215138,0.109697611073,-0.073573771356,-0.0297981342278
2013-10-31,0.0245396213583,-0.00422770893528,0.134185853112,0.00286904638991,0.0233160643458
2013-11-30,0.0363830118657,0.0270579598635,0.0268105069258,0.0341622553234,0.0646183141623
2013-12-31,0.0193695175856,0.0062866380386,0.0396689170582,-0.00445201633772,0.0561173888254
2014-01-31,-0.0482488944452,0.00625669072827,-0.0841506315442,-0.149920114955,-0.0201899397493
2014-02-28,-0.00869465283614,-0.0643044588069,0.117429372138,-0.00316728392975,0.0019439573931
2014-03-31,0.011645688268,0.00706058761755,0.0173303092166,0.0221559405621,0.00516631720566
2014-04-30,-0.000722062826806,-0.00840432984542,0.024620769314,-0.0143269323472,0.0103739557519
2014-05-31,-0.00268123804715,0.022106334183,0.0458101840189,-0.043814482552,-0.0440639341768
2014-06-30,0.0243748803149,0.0216495904393,0.00586109131373,0.0236980984484,0.0444439821723
2014-07-31,-0.0058615438313,-0.00609935898085,-0.0387166145504,0.0162221164689,-0.00466857581802
2014-08-31,0.0338758412857,-0.00251927739623,0.0492821611952,0.157216075705,-0.0385072485702
2014-09-30,0.0394110414201,0.0978698249892,-0.0111975331988,-0.0411262598332,0.0476986482705
2014-10-31,0.0084050478894,-0.0398863170067,-0.0262989594828,0.114391867817,0.0161967282888
2014-11-30,0.084803296113,0.0794097311305,0.0253591554357,0.0999498819122,0.123764730304
2014-12-31,0.0458486313337,0.0292393661431,-0.0354394537454,0.0935889620845,0.0883145338773
2015-01-31,0.129491238841,0.0413226435263,0.0583924343131,0.235582071233,0.244220797777
2015-02-28,-0.0240541835295,-0.0887407515655,0.143021485864,-0.0528301323401,0.011186145042
2015-03-31,0.0585835022221,0.0644255098085,0.0255128501917,0.0637689536756,0.066084903664
2015-04-30,-0.0658516519984,-0.067544207689,0.00019404525567,-0.0817331767072,-0.0947958284565
2015-05-31,0.0139554257057,0.0152642725356,0.0302999644647,-0.0169803433932,0.0325930778337
2015-06-30,-0.0577932799304,-0.038339013781,-0.0983963155065,-0.0832253838087,-0.0386980896789
2015-07-31,0.0874038404009,0.133975045394,0.0823988316425,0.0764012570479,0.00993465228325
2015-08-31,-0.0176570423725,0.0125974046211,-0.18185247034,0.000993894741447,0.0247754527421
2015-09-30,0.0305831512515,0.0379440799078,-0.0254957416169,0.0702545840179,0.014943078093
2015-10-31,-0.00661309877042,-0.00844453942788,-0.0157067949276,-0.00122830626318,-0.00196347055379
2015-11-30,0.0429095717558,0.0974995715994,0.0241347987944,-0.0139917646959,0.00945376627878
2015-12-31,-0.0035773173133,0.0230879377352,-0.0389469992845,-0.030187705514,-0.0015526453812
2016-01-31,0.0288169837874,0.0012046512717,-0.0745268666728,0.163525473401,0.0156153395821
2016-02-29,0.0169706333637,-0.00434510492802,0.0455325065336,0.0607660298425,-0.00926430778215
2016-03-31,-0.0523720100258,-0.0515037875558,-0.0611123021737,-0.032481656502,-0.069101118839
2016-04-30,-0.0480896704647,-0.101649466462,-0.0237092118199,-0.0216260245466,0.0120756278016
2016-05-31,0.0117645467231,0.0116737409839,-0.0243302669415,0.0532812866159,-0.00595919976697
2016-06-30,0.0708243062693,-0.0155923192613,0.0687191056086,0.203691492672,0.101297005889
2016-07-31,-0.0084500002344,-0.00510094066154,-0.0620115105531,0.0128470775788,0.00195117906131
2016-08-31,-0.0169674892675,-0.0202909110213,-0.0139773489981,-0.0331909018201,0.00501211263669
2016-09-30,0.0131674237791,0.00955267858125,0.00378412826679,0.0147760586204,0.0256916980642
2016-10-31,-0.0346826245002,-0.00118987234503,-0.0302767288673,-0.142196978373,0.0115013328267
2016-11-30,-0.0493504776498,-0.03878124523,0.0181021295399,-0.104888352309,-0.0609123670009
2016-12-31,-0.0403386653186,-0.0688061858367,-0.0673752568474,0.0135519056908,-0.0215076325626
2017-01-31,0.00442382905063,0.0130407755856,0.00199135601959,-0.0335857844301,0.0301913720248
2017-02-28,0.0395647273772,0.0160395141534,0.0816380549902,0.0791207531586,0.0122077968521
2017-03-31,-0.0172745682176,-0.0436467644979,0.109628107026,-0.0323343815817,-0.0433923842783
2017-04-30,-0.0244422060875,-0.0285388544729,0.0409846111497,-0.0489987631524,-0.0387160854243
2017-05-31,0.00560113968173,0.00662982380998,0.0483699999277,-0.0225328287174,0.00194559200651
2017-06-30,-0.0107887833983,-0.00868684664178,-0.0502244511658,-0.00900213444606,0.0126485575493
2017-07-31,-0.00143790445917,-0.0506040909486,0.0429296038757,0.0160482655929,0.0446754863788
2017-08-31,-0.00348514688257,0.0210103713463,-0.00135488206876,-0.0656357705579,0.0132559603643
2017-09-30,0.0215098610436,-0.00188795651004,0.0999620696599,0.0854040556711,-0.059752371158
2017-10-31,0.0242444167836,0.0345697393161,0.112767338586,-0.0185867344541,-0.0163980057923
2017-11-30,-0.0138266405092,-0.024261702202,-0.014164040087,-0.0130956555095,0.00650463214355
2017-12-31,0.0428796166973,0.0772248768099,0.0261902528628,-0.00596272506992,0.0396186562623
2018-01-31,0.0167216036335,-0.00130542018746,0.115059763869,-0.0445588072984,0.0454091429416
2018-02-28,-0.0545786146709,-0.0453250645319,-0.147467427234,0.0161272796468,-0.0800171577044
2018-03-31,-0.0134007521938,0.0266595285198,-0.0687142205273,-0.0859404972445,0.0265485114341
2018-04-30,0.00953596979886,0.0163552725422,0.00881913048613,0.018410042725,-0.0131785852065
2018-05-31,-0.0210983448573,-0.00674102426113,0.00698211588716,0.0228112926155,-0.118442105537
2018-06-30,-0.000737536140949,-0.0114540787737,-0.00486488598973,0.00747728094183,0.0148916763382
2018-07-31,-0.00276680253575,-0.00646505062196,0.038303175528,0.00516590920183,-0.0347665609602
2018-08-31,0.027419959803,0.0599769864322,-0.0304153281579,-0.00819449146803,0.0442646947255
2018-09-30,-0.0148347937746,-0.0213891440235,0.00644039520261,0.0134292670772,-0.0483018842661
2018-10-31,-0.00533356342546,-0.0422112524721,-0.107317622182,0.0760317984123,0.0567640500776
2018-11-30,-0.0255892955003,-0.0495978134472,0.0148382591111,-0.0203854719561,-0.0135304010713
2018-12-31,-0.00449451576741,0.00679722578127,0.101282558364,-0.0856218519872,-0.0185228568921
2019-01-31,-0.0605780107322,-0.0840947737545,-0.137262012458,0.0268477857363,-0.0507427629006
2019-02-28,-0.004816769304,-0.00567501112436,-0.0537483427784,-0.0126019022641,0.0420322884827
2019-03-31,0.05797930006,-0.00260874889815,0.021175871914,0.203245016491,0.049386776286
2019-04-30,-0.00309110480849,0.00821565733707,0.0265531289671,-0.0462524759587,-0.00117965235193
2019-05-31,0.0572597752175,0.0232097586476,-0.0241622449286,0.189755047534,0.042889778457
2019-06-30,-0.00386828950312,-0.0457041058025,0.0170817033559,0.102897119436,-0.051571677899
2019-07-31,0.0265499952697,-0.0116502008197,0.0350508227177,0.0370685220108,0.0851796962265
2019-08-31,0.101684951419,0.0861523898105,-0.023796696529,0.244770462515,0.0718520069094
2019-09-30,-0.0575240348092,-0.0661494249617,-0.0140909305821,-0.0997250245697,-0.0271303437672
2019-10-31,-0.0391209066129,-0.0231333689851,-0.019627761495,-0.074883450197,-0.0469730851577
2019-11-30,-0.00134658235078,-0.0277199437371,0.0771157545691,-0.0297623032474,0.0233370853699
2019-12-31,-0.0284635008467,0.0136959303872,0.0312818957745,-0.102346805478,-0.0775511640967
2020-01-31,0.0166568560683,-0.0416511516744,-0.0355469872692,0.1519003522,0.0259119665803
2020-02-29,0.0123034441714,0.0113566516592,-0.268003130248,0.149684955834,0.0755969890428
2020-03-31,0.0907917669612,0.189461057988,-0.26525870963,0.071536778074,0.181350613645
2020-04-30,-0.0137340976199,0.00720222479644,-0.0571290996595,0.029548601737,-0.0699500818926
2020-05-31,-0.0432550259315,-0.0494729743417,-0.0357727825702,-0.0235348333938,-0.0577943535478
2020-06-30,-0.0164439763081,-0.0246456847529,-0.0223184127228,0.00825696768955,-0.0223940881049
2020-07-31,-0.027017964066,-0.0417009860357,0.0123914807494,0.0246242755268,-0.0831547632968
2020-08-31,-0.0245567493318,-0.0535989009766,0.014077034244,-0.044604886015,0.0262710310159
2020-09-30,-0.02006142404,-0.0141302090361,0.0161813547154,-0.0104337104873,-0.0695359611299
2020-10-31,0.00206654872451,0.0249887552112,0.00603013295585,-0.0233354056887,-0.0192317684746
2020-11-30,-0.0748018442887,-0.0796775260183,-0.22345321524,-0.0227865284378,-0.0099118781208
2020-12-31,0.037365163175,0.0560411948346,0.0157577071199,0.00257734094161,0.0539054993166
2021-01-31,-0.00983518573612,0.00729049721851,0.0157130561737,-0.0456161868788,-0.0244849818398
2021-02-28,-0.0452569487623,0.0102796012297,-0.0125814597068,-0.23706199267,0.0269521320283
2021-03-31,-0.000637718439306,-0.0295775739221,0.105661037273,-0.00888705784104,-0.0135452899058
2021-04-30,0.0442142424537,0.0870035567121,0.0429939223382,-0.00615893162476,0.0141217926084
2021-05-31,0.029278947945,0.0350335423664,0.0578779699099,-0.00899784562532,0.0377870189961
2021-06-30,-0.0389921611572,-0.0298147182765,0.0251851008494,-0.0701855506179,-0.0716871548409
2021-07-31,-0.0348219344082,0.0203691471816,0.0230974099298,-0.136947251877,-0.0780078452498
2021-08-31,0.0130777808781,-0.0011414237643,0.0671711510855,0.00665642937107,0.00790262663997
2021-09-30,0.0107977416066,0.0396068174041,-0.0393348575066,-0.0139660371085,0.0176064662877
2021-10-31,0.064369749886,0.0443035648533,0.0892368614422,0.0506850855285,0.100676839338
2021-11-30,-0.114788544712,-0.0792128877308,-0.0866014503755,-0.184393899651,-0.131674378243
2021-12-31,0.0502965507477,0.0410579277957,0.125116570672,0.0336313683184,0.0307127293406
2022-01-31,0.0548262669281,0.0930979505848,-0.0855213989967,0.11724097851,0.0159277115116
2022-02-28,0.0391696743519,0.0682811253306,-0.0496452452847,0.0613956538596,0.0234798176553
2022-03-31,0.101552399345,0.104891620662,0.0192904903791,0.269893052467,-0.025798652446
2022-04-30,0.0517324286402,0.0223494725521,-0.0231125462413,0.138241467102,0.0729139469775
2022-05-31,0.00357695524663,0.0043995556106,0.00333973099991,0.0213732441938,-0.0171696403224
2022-06-30,-0.00381146543552,-0.0519755397968,-0.106140450322,0.0762491243077,0.0825311163964
2022-07-31,-0.052179369754,-0.000752821292775,-0.0910813634949,-0.156538692903,-0.012800037959
2022-08-31,0.0651632320602,0.0155079699629,0.0493098483053,0.183001771731,0.0487053760941
2022-09-30,0.0470236081779,-0.0349161541038,0.0673754292558,0.164104664329,0.0688014561025
2022-10-31,-0.0172574493173,0.0300838586346,-0.138582691853,0.00578710066349,-0.0459110624655
2022-11-30,-0.0688366305583,-0.0582984441315,-0.096530436875,-0.068587107783,-0.0694129650143
2022-12-31,0.0155898593579,-0.00611125631959,-0.00246268235331,0.120842790411,-0.0414925116449
2023-01-31,-0.0629433475091,-0.0351500532694,-0.14692659402,-0.0978618201549,-0.0177141557391
2023-02-28,0.0247661148819,-0.0263735734154,0.0290365016162,0.124578800351,0.0157122921672
2023-03-31,-0.0361873105079,0.0106507744279,-0.016262160306,-0.15818896278,-0.0126388864024
2023-04-30,0.0291254141859,0.0454333877136,0.0230826726314,0.0053436619065,0.0268050882657
2023-05-31,0.0243531762291,0.0549801158147,-0.0515237036726,0.0396577389398,0.00342701404726
2023-06-30,0.0154480795233,-0.0451318422457,0.0879979481757,0.0853212039755,0.00649963674888
2023-07-31,-0.013835054136,-0.0539387467388,0.0637853704113,0.00353949051828,-0.0106654107166
2023-08-31,0.00672707153989,0.0184846765224,-0.0714887313748,0.00955835557513,0.0388064893893
2023-09-30,-0.00778876031428,-0.0389616095042,-0.0590396752479,0.111226478024,-0.0359380506011
2023-10-31,-0.00400874331981,0.00182309663479,-0.10523452906,0.0366099761125,0.0162433033577
2023-11-30,0.0109687008232,0.0297980355467,0.202765608616,-0.150329626887,0.00420220555119
2023-12-31,-0.0652751537082,-0.0429169305594,0.00523333788104,-0.147542312609,-0.0737502132218
2024-01-31,0.021304831193,0.0371882099756,0.0494679371835,-0.0153159218431,0.00808822659083
2024-02-29,0.0552755791489,0.0373358189308,0.0951058224122,0.0903589661272,0.0232754145777
2024-03-31,0.0363338509028,0.0478997458177,0.126223297873,-0.0218377823042,0.00880424515316
2024-04-30,0.017083625279,-0.0502739678864,-0.0671770394522,0.15076718877,0.0701704497097
2024-05-31,0.00411033530164,-0.0212306400435,0.0803908777798,0.00222133995666,-0.000371709243005
2024-06-30,-0.0170853277447,-0.00734982524008,-0.0393018007902,-0.0603220350583,0.0269457882864
2024-07-31,-0.028034807186,0.0072421254711,0.037811795949,-0.0815530636902,-0.0899955136386
2024-08-31,-0.0323125286948,0.00210169094384,0.0143152795103,-0.0596395446132,-0.106507556881
2024-09-30,0.00745062232305,-0.0158174197921,0.0152459554847,0.0264754425938,0.027529984722
2024-10-31,-0.0458558480907,0.0172050597208,-0.0536594704955,-0.179033770007,-0.0218488648338
2024-11-30,0.021334392727,0.0167312619427,0.0434655850572,0.0461602760229,-0.0129524468562
2024-12-31,0.00215967791131,-0.0200283756352,-0.0300555517973,-0.00298635450752,0.0762720757396
2025-01-31,0.0273461103276,0.0116887855514,0.121809134338,0.0196450378465,-0.00384367960657
