date,SENT^,SENT,pdnd,ripo,nipo,cefd,s,nan,indpro,consdur,consnon,consserv,recess,employ,cpi
1958-01-31,,,,,,,,,20.7694,,,,1,52076,28.6
1958-02-28,,,,,,,,,20.3263,,,,1,51576,28.6
1958-03-31,,,,,,,,,20.0771,,,,1,51299,28.8
1958-04-30,,,,,,,,,19.7448,,,,1,51027,28.9
1958-05-31,,,,,,,,,19.9386,,,,0,50914,28.9
1958-06-30,,,,,,,,,20.4648,,,,0,50914,28.9
1958-07-31,,,,,,,,,20.7694,,,,0,51039,29.0
1958-08-31,,,,,,,,,21.1848,,,,0,51233,28.9
1958-09-30,,,,,,,,,21.3787,,,,0,51506,28.9
1958-10-31,,,,,,,,,21.6279,,,,0,51485,28.9
1958-11-30,,,,,,,,,22.2648,,,,0,51944,29.0
1958-12-31,,,,,,,0.16483516483516483,,22.2925,,,,0,52085,28.9
1959-01-31,,,,,,,0.1714574564957087,,22.6248,42.3,125.1,138.7,0,52478,29.0
1959-02-28,,,,,,,0.1747897456682541,,23.0679,44.2,125.4,140.0,0,52688,28.9
1959-03-31,,,,,,,0.19719145100457813,,23.4002,44.4,127.7,140.5,0,53014,28.9
1959-04-30,,,,,,,0.2203179981754203,,23.8987,45.1,125.6,141.5,0,53321,29.0
1959-05-31,,,,,,,0.22596762105839976,,24.2587,45.4,128.0,142.8,0,53550,29.0
1959-06-30,,,,,,,0.2465600233383576,,24.2864,46.0,127.9,144.3,0,53681,29.1
1959-07-31,,,,,,,0.2452797550575598,,23.7048,45.4,127.3,145.1,0,53804,29.2
1959-08-31,,,,,,,0.24558243849395137,,22.9017,46.2,127.9,146.1,0,53336,29.2
1959-09-30,,,,,,,0.26404869323794017,,22.8741,47.4,129.4,147.4,0,53428,29.3
1959-10-31,,,,,,,0.2674532067772554,,22.7079,44.8,129.8,148.3,0,53358,29.4
1959-11-30,,,,,,,0.2683047310820594,,22.8464,44.7,129.0,149.2,0,53634,29.4
1959-12-31,,,,,,,0.26243972504360313,,24.2587,42.8,129.7,150.4,0,54174,29.4
1960-01-31,,,,13.8,16.0,,0.26530451384631554,,24.8956,43.2,129.6,150.8,0,54274,29.3
1960-02-29,,,,8.0,16.0,,0.2553217647885345,,24.6741,45.7,128.4,151.2,0,54513,29.4
1960-03-31,,,,19.4,21.0,,0.2513485743642435,,24.4525,47.4,130.8,151.9,0,54454,29.4
1960-04-30,,,,15.9,16.0,,0.24602377074742715,,24.2587,49.1,134.1,153.3,0,54813,29.5
1960-05-31,,,,25.3,19.0,,0.25081204849216354,,24.231,45.7,130.3,154.0,1,54475,29.5
1960-06-30,,,,30.6,40.0,,0.2412481767034799,,23.9264,44.5,131.5,154.1,1,54348,29.6
1960-07-31,,,,10.4,17.0,,0.23631781695996745,,23.8433,44.9,132.2,154.3,1,54306,29.6
1960-08-31,,,,27.5,23.0,,0.23503876996487508,,23.8156,45.8,131.4,154.4,1,54272,29.6
1960-09-30,,,,18.1,20.0,,0.23507111353387183,,23.5664,47.1,131.1,155.1,1,54227,29.6
1960-10-31,,,,12.6,27.0,,0.2206703910614525,,23.5387,46.7,132.6,156.1,1,54142,29.8
1960-11-30,,,,7.4,38.0,,0.20843066468464647,,23.2064,45.1,133.1,157.2,1,53961,29.8
1960-12-31,,,,25.0,16.0,,0.2041559976363995,,22.7633,42.3,131.5,157.4,1,53742,29.8
1961-01-31,,,22.93586765,29.9,11.0,,0.2052850723502495,,22.791,41.6,132.3,158.3,1,53683,29.8
1961-02-28,,,19.9513146,74.9,27.0,,0.2042560238469819,,22.7633,41.9,133.3,158.5,1,53557,29.8
1961-03-31,,,17.81048364,70.7,25.0,,0.20160616117346036,,22.9018,43.2,134.6,159.9,0,53659,29.8
1961-04-30,,,16.59843932,71.1,27.0,,0.2596977032532326,,23.3725,42.7,133.9,161.0,0,53627,29.8
1961-05-31,,,15.90732674,44.7,42.0,,0.25417898153980334,,23.7325,43.5,134.3,162.1,0,53786,29.8
1961-06-30,,,17.2092092,22.8,29.0,,0.2430060987605745,,24.0648,43.8,134.5,162.5,0,53977,29.8
1961-07-31,,,19.72286501,16.7,29.0,,0.2477283351370043,,24.3418,44.1,133.9,162.5,0,54123,30.0
1961-08-31,,,20.24949502,23.8,50.0,,0.25136285758787186,,24.5633,44.6,134.6,162.9,0,54298,29.9
1961-09-30,,,21.45830171,5.6,37.0,,0.258293328108161,,24.5356,45.0,135.3,164.1,0,54388,30.0
1961-10-31,,,21.47236406,14.5,53.0,,0.26719817475678376,,25.0064,45.6,135.3,165.6,0,54522,30.0
1961-11-30,,,22.47592531,20.5,53.0,,0.27458329856810026,,25.3941,46.7,136.3,166.9,0,54742,30.0
1961-12-31,,,22.84916027,13.9,52.0,,0.284412032816773,,25.6156,47.7,136.9,167.8,0,54872,30.0
1962-01-31,,,22.35586515,16.2,40.0,,0.28437269244605456,,25.3941,47.5,137.2,168.5,0,54891,30.0
1962-02-28,,,22.78873458,4.1,31.0,,0.2793749610907054,,25.8095,47.4,137.4,169.2,0,55188,30.1
1962-03-31,,,23.9150926,2.4,50.0,,0.2802135875690558,,25.9479,48.2,138.9,170.2,0,55275,30.1
1962-04-30,,,28.36528647,-3.1,74.0,,0.23610296860843155,,26.0033,48.4,139.0,171.6,0,55602,30.2
1962-05-31,,,30.417574260000002,-13.4,40.0,,0.2310870216456852,,25.9756,49.6,139.5,173.0,0,55628,30.2
1962-06-30,,,28.83345095,1.2,5.0,,0.2320403243480166,,25.9202,49.1,137.8,173.4,0,55644,30.2
1962-07-31,,,26.92551022,2.7,6.0,,0.2235271745331457,,26.1695,49.2,138.2,174.0,0,55746,30.3
1962-08-31,,,23.08365974,3.6,7.0,,0.21266013564431044,,26.1972,49.0,139.2,174.7,0,55838,30.3
1962-09-30,,,24.92992554,-0.4,17.0,,0.2081998864281658,,26.3633,50.5,142.5,175.7,0,55978,30.4
1962-10-31,,,29.447050009999998,-13.4,7.0,,0.1942052648603687,,26.391,49.0,141.0,176.5,0,56041,30.4
1962-11-30,,,28.42385211,-7.8,11.0,,0.18144689407089162,,26.5018,52.1,141.7,177.9,0,56056,30.4
1962-12-31,,,31.23360604,-11.4,10.0,,0.1621672115833722,,26.5018,53.5,141.8,178.3,0,56028,30.4
1963-01-31,,,29.596651540000003,14.7,2.0,,0.1576137904319194,,26.6956,53.1,142.8,178.6,0,56115,30.4
1963-02-28,,,29.57785974,-8.3,5.0,,0.15548901246890692,,27.0003,52.4,141.9,179.1,0,56230,30.4
1963-03-31,,,29.50929853,6.3,7.0,,0.13758123315897924,,27.1664,52.3,142.7,180.0,0,56320,30.5
1963-04-30,,,27.61719722,0.4,8.0,,0.12882270025127168,,27.4156,53.2,142.1,181.0,0,56580,30.5
1963-05-31,,,26.396860529999998,9.2,8.0,,0.11939732224289522,,27.748,53.5,142.4,181.4,0,56616,30.5
1963-06-30,,,24.50769648,-0.9,10.0,,0.1143306673659368,,27.831,55.0,143.9,182.8,0,56659,30.6
1963-07-31,,,24.42521568,-1.3,6.0,,0.11572013275129205,,27.7203,55.5,144.7,184.3,0,56794,30.7
1963-08-31,,,24.06752952,1.2,7.0,,0.11903931146778321,,27.7756,54.1,146.5,185.7,0,56910,30.7
1963-09-30,,,23.69611479,3.5,8.0,,0.1102735484422046,,28.0526,54.6,144.3,186.6,0,57078,30.7
1963-10-31,,,27.109121679999998,-1.0,8.0,,0.10919419018292768,,28.2464,54.2,144.0,187.9,0,57283,30.8
1963-11-30,,,26.484649840000003,13.9,8.0,,0.11729723330617475,,28.3849,55.6,145.0,188.9,0,57255,30.8
1963-12-31,,,29.2432839,20.4,6.0,,0.11147433801896045,,28.3295,57.4,146.9,190.3,0,57361,30.9
1964-01-31,,,32.59129645,11.9,10.0,,0.11018881934867934,,28.5787,57.9,147.2,191.6,0,57487,30.9
1964-02-29,,,32.81165669,15.5,4.0,,0.10877395945626168,,28.7726,58.4,148.9,192.8,0,57753,30.9
1964-03-31,,,32.89876532,9.7,2.0,,0.11333168846122216,,28.7726,57.6,149.8,194.4,0,57897,30.9
1964-04-30,,,30.435063890000002,-1.3,11.0,,0.1892228392141239,,29.2434,58.2,149.4,195.3,0,57922,30.9
1964-05-31,,,29.51030297,6.8,12.0,,0.19526314464775613,,29.4095,59.7,152.3,196.5,0,58089,30.9
1964-06-30,,,30.100812440000002,8.2,8.0,,0.21066666666666664,,29.4926,60.6,152.7,198.1,0,58219,31.0
1964-07-31,,,30.986067569999996,-7.9,5.0,,0.21828742280168606,,29.6864,61.6,154.3,199.0,0,58412,31.1
1964-08-31,,,30.30260528,0.7,11.0,,0.21893896736602442,,29.8803,62.1,155.5,200.1,0,58619,31.0
1964-09-30,,,29.611434850000002,-4.4,8.0,,0.21806875848759916,,29.991,60.3,154.8,201.5,0,58903,31.1
1964-10-31,,,30.211042199999998,3.4,8.0,,0.22506094354954348,,29.5757,61.2,155.8,202.5,0,58793,31.1
1964-11-30,,,31.16765069,14.5,8.0,,0.21965890424195572,,30.4895,58.9,153.6,203.8,0,59218,31.2
1964-12-31,,,31.16244172,6.8,10.0,,0.22146593107401297,,30.8495,58.0,157.9,205.1,0,59421,31.2
1965-01-31,,,29.20118974,16.7,6.0,,0.22486491060527294,,31.1818,61.0,157.3,206.1,0,59582,31.2
1965-02-28,,,27.230835799999998,1.2,7.0,,0.2289863806195009,,31.3757,65.4,159.0,207.1,0,59800,31.2
1965-03-31,,,26.29200433,34.9,13.0,,0.22445172762455975,,31.7911,68.4,157.0,207.9,0,60003,31.3
1965-04-30,,,25.684014389999998,17.7,24.0,,0.1510904988718977,,31.9295,67.3,160.0,209.7,0,60259,31.4
1965-05-31,,,24.49145434,20.0,13.0,,0.16651850606056967,,32.1788,65.1,161.3,211.1,0,60491,31.4
1965-06-30,,,27.585304500000003,7.2,8.0,,0.15605913381454747,,32.428,62.0,161.0,212.3,0,60690,31.6
1965-07-31,-2.10996,-1.914807,26.447588649999997,35.3,8.0,19.274681287855262,0.14361328321081573,,32.7326,63.5,163.8,213.7,0,60965,31.6
1965-08-31,-2.166241,-1.924326,24.73285348,28.0,8.0,19.68517032939451,0.14083916392610413,,32.8711,66.0,163.4,215.0,0,61228,31.6
1965-09-30,-2.048318,-1.817766,23.17316742,-5.3,17.0,17.57684516822723,0.13895294079438794,,32.9542,70.6,165.0,216.4,0,61490,31.6
1965-10-31,-1.905876,-1.656621,21.0132241,-4.4,11.0,13.594151276895259,0.13395248568255555,,33.2865,69.5,170.6,218.4,0,61719,31.7
1965-11-30,-1.797688,-1.674017,16.1272954,1.5,20.0,13.960183436742563,0.14130378042032513,,33.4249,69.1,169.8,220.2,0,61996,31.7
1965-12-31,-1.749483,-1.688123,12.35736858,0.1,11.0,13.899124892381481,0.14207103551775888,,33.8403,68.8,171.2,221.6,0,62322,31.8
1966-01-31,-1.785334,-1.727446,11.20161171,-5.8,5.0,16.009117457631515,0.14130995619315484,,34.1726,70.2,172.5,222.4,0,62529,31.8
1966-02-28,-1.910692,-1.831732,8.54896829,33.1,4.0,19.179391583002207,0.13587394578017184,,34.3942,72.3,174.3,223.6,0,62796,32.0
1966-03-31,-1.672483,-1.589465,7.6429768199999994,21.0,9.0,16.002817378766238,0.14263392239829645,,34.8649,74.4,175.4,225.2,0,63192,32.1
1966-04-30,-1.662998,-1.619546,2.63501661,25.0,16.0,18.32146058662147,0.14253414126797506,,34.9203,72.5,177.7,226.8,0,63437,32.3
1966-05-31,-1.557784,-1.551578,4.91173523,-3.6,10.0,17.95046084608214,0.12648850019236726,,35.2526,68.7,176.2,228.2,0,63712,32.3
1966-06-30,-1.412018,-1.48572,2.25960779,18.0,13.0,15.001523519460127,0.15142416395790864,,35.4188,68.0,177.9,229.6,0,64111,32.4
1966-07-31,-1.312954,-1.387746,2.4135062,8.3,8.0,14.678692589948641,0.153801837921893,,35.6126,69.6,179.7,231.3,0,64301,32.5
1966-08-31,-1.121315,-1.220899,3.01928337,0.3,5.0,12.97393574019991,0.14969221657902768,,35.6403,72.3,179.1,231.8,0,64507,32.7
1966-09-30,-1.364666,-1.325127,3.8806893199999997,-0.4,1.0,15.06006104571385,0.1453310189579887,,35.9726,75.1,180.5,233.5,0,64643,32.7
1966-10-31,-1.30818,-1.332615,11.94275754,-9.4,5.0,15.93773760132444,0.14677340214803647,,36.2218,73.4,180.0,234.9,0,64854,32.9
1966-11-30,-1.28263,-1.288939,5.07969763,-4.1,5.0,16.445085128073515,0.14099345633093066,,35.9726,72.3,180.7,237.1,0,65019,32.9
1966-12-31,-1.22971,-1.175593,2.86459802,2.3,3.0,15.70382981201743,0.13904719747689925,,36.0557,72.2,180.5,239.1,0,65199,32.9
1967-01-31,-1.06354,-1.083417,1.1088034199999999,44.7,2.0,13.601449038127964,0.13123091192905462,,36.2258,72.5,181.5,240.3,0,65407,32.9
1967-02-28,-0.9160818,-1.04532,-0.7174485,7.9,4.0,14.965167468975386,0.13160706429514177,,35.8149,69.9,182.7,240.4,0,65429,32.9
1967-03-31,-0.9504972,-1.155055,-2.3803807,22.6,4.0,16.889105185882727,0.11760081328363267,,35.613,71.0,182.9,241.9,0,65530,33.0
1967-04-30,-0.9963773,-1.071803,-4.9175206,8.0,12.0,18.244827938929866,0.11637474397909456,,35.9489,74.3,183.6,243.4,0,65466,33.1
1967-05-31,-0.9670866,-1.125598,-8.3335049,20.7,8.0,16.896823423518487,0.11849727212644545,,35.6353,74.0,183.6,244.7,0,65620,33.2
1967-06-30,-0.9286966,-1.031826,-13.6193913,43.3,5.0,16.11386597121332,0.0923864363403711,,35.6308,75.2,184.9,246.7,0,65750,33.3
1967-07-31,-0.903341,-1.01108,-15.8248587,35.1,7.0,14.645489120118196,0.09076904189553638,,35.5497,74.4,183.7,248.6,0,65888,33.4
1967-08-31,-0.9460598,-0.9962047,-16.8649046,53.8,12.0,13.321565125357775,0.09270834925341198,,36.2308,73.6,185.8,250.4,0,66143,33.5
1967-09-30,-0.735859,-0.8986513,-18.8214959,36.7,9.0,11.883575151200919,0.09782057208573394,,36.172,76.0,187.8,251.7,0,66164,33.6
1967-10-31,-0.9369103,-1.019691,-23.3633472,27.6,12.0,10.254374264567902,0.10556677242572829,,36.4666,74.1,185.1,252.9,0,66225,33.7
1967-11-30,-0.5870185,-0.6726958,-21.951997300000002,47.7,14.0,7.32278781336701,0.1118583874752943,,36.9881,75.1,187.8,254.5,0,66703,33.8
1967-12-31,-0.2804057,-0.3517543,-27.195170299999997,103.8,11.0,2.1025058740843767,0.11468666827969996,,37.3865,77.7,190.7,256.8,0,66900,33.9
1968-01-31,-0.1530897,-0.1857138,-20.2642987,63.9,15.0,0.9419784882564959,0.12356800091085356,,37.3462,79.7,191.3,259.9,0,66804,34.1
1968-02-29,0.0597038,0.0335669,-14.439508700000001,32.1,14.0,-3.105798891524242,0.1254627752557311,,37.4801,79.5,193.0,261.2,0,67215,34.2
1968-03-31,-0.1007063,-0.0268847,-14.878555099999998,39.4,21.0,-0.2847369664313415,0.14046038205387107,,37.597,83.4,196.4,264.6,0,67295,34.3
1968-04-30,-0.2032162,-0.1317903,-23.326080599999997,56.0,18.0,2.1918498475735406,0.14525567785983007,,37.6515,81.4,195.8,266.8,0,67556,34.4
1968-05-31,-0.0898671,0.1344506,-28.496317100000002,96.0,28.0,0.4178804911853403,0.1490230277727231,,38.0738,84.0,197.3,268.5,0,67652,34.5
1968-06-30,0.061819,0.3159697,-27.263729799999997,75.6,23.0,0.6370164422535842,0.15294583168461173,,38.2137,83.8,200.3,272.2,0,67905,34.7
1968-07-31,0.3423473,0.5455076,-26.2581567,60.6,30.0,-0.7356945881231847,0.16246785905021946,,38.1551,86.9,202.6,273.7,0,68126,34.9
1968-08-31,0.5877432,0.6898732,-26.7278195,45.6,24.0,1.5497332219146647,0.17655158119151965,,38.2615,87.6,203.7,275.6,0,68330,35.0
1968-09-30,0.7190834,0.8771972,-29.102486300000002,67.6,29.0,0.3076311894870102,0.1864290917240993,,38.4065,88.1,202.2,277.9,0,68484,35.1
1968-10-31,1.225926,1.301206,-26.6529313,36.6,53.0,-4.070736872278127,0.1913121117424959,,38.4827,88.1,203.5,280.0,0,68721,35.3
1968-11-30,1.307409,1.394241,-28.683968,53.4,52.0,-3.2417573275431435,0.19632277910884022,,38.9805,87.5,207.0,282.3,0,68984,35.4
1968-12-31,2.093952,2.145583,-33.7924734,43.5,61.0,-10.910021354898495,0.20864062642265319,,39.1036,87.9,204.5,284.2,0,69248,35.5
1969-01-31,1.998312,2.02692,-31.2389729,37.0,68.0,-9.417460555878481,0.2119671168086691,,39.3402,90.1,207.3,286.1,0,69439,35.6
1969-02-28,1.846475,1.953476,-23.1050129,20.4,54.0,-9.914547048606696,0.23346177841388677,,39.5919,90.8,209.3,288.6,0,69699,35.8
1969-03-31,1.981639,2.014873,-22.7312513,12.0,88.0,-8.911966749230535,0.2440969694335481,,39.9024,89.1,209.9,289.8,0,69905,36.1
1969-04-30,2.40345,2.398717,-20.7974335,23.1,76.0,-8.186074520904572,0.25386059385319465,,39.7555,90.4,210.8,292.7,0,70072,36.3
1969-05-31,2.841826,2.785884,-20.0570002,22.8,72.0,-7.195392442656784,0.26775627766059706,,39.6053,90.5,213.6,296.3,0,70328,36.4
1969-06-30,2.919674,2.853589,-16.4604645,-2.5,78.0,-6.337800487471264,0.28100346792674763,,39.9922,90.5,212.3,298.1,0,70636,36.6
1969-07-31,2.855214,2.839132,-14.3762224,-11.9,34.0,-5.8258358058789295,0.2860753500251744,,40.2033,88.6,214.6,299.5,0,70729,36.8
1969-08-31,2.701179,2.724491,-16.033261200000002,13.5,33.0,-3.322234683555342,0.28958708558468416,,40.2957,90.7,217.3,301.9,0,71008,37.0
1969-09-30,3.06335,3.07365,-16.1064003,5.7,54.0,-8.164968108853689,0.2925187828155368,,40.2867,92.6,216.0,304.6,0,70914,37.1
1969-10-31,2.880461,2.922301,-15.2639018,13.8,85.0,-6.807861647394178,0.2996537859448785,,40.2985,91.4,219.2,307.9,0,71121,37.3
1969-11-30,2.997555,2.977122,-13.2389236,21.1,68.0,-6.2968693956506785,0.31246688557876867,,39.9186,90.7,219.3,310.5,0,71086,37.5
1969-12-31,3.196053,3.099287,-11.807543800000001,-4.7,71.0,-7.5808141244477465,0.31395131436263696,,39.8115,90.4,220.7,311.6,0,71241,37.7
1970-01-31,2.912409,2.881581,-9.863722,8.3,76.0,-5.592887498037489,0.3103428301397845,,39.0743,89.3,224.5,314.9,1,71176,37.8
1970-02-28,2.141172,2.502489,-6.720298199999999,2.7,38.0,-4.241523354359843,0.3013464599349815,,39.0485,91.0,224.0,319.0,1,71305,38.0
1970-03-31,2.231514,2.467249,-2.4712858,-2.5,38.0,-8.094210745221563,0.3008787653565339,,38.9978,88.5,225.0,318.8,1,71451,38.2
1970-04-30,2.050926,2.330086,6.05073701,-10.7,34.0,-9.10240647309171,0.29278845050379854,,38.8975,90.0,224.7,321.4,1,71348,38.5
1970-05-31,1.728183,2.042625,8.526336989999999,-28.8,11.0,-7.448490944351445,0.26882024819568795,,38.8522,91.2,227.2,324.1,1,71124,38.6
1970-06-30,1.282661,1.602776,10.13041706,6.4,26.0,-4.27811189881347,0.2625693881121661,,38.7265,91.9,227.8,326.6,1,71029,38.8
1970-07-31,1.281452,1.556565,12.55899228,1.6,23.0,-6.63231231891738,0.26166875306727133,,38.8216,91.4,228.3,328.8,1,71053,39.0
1970-08-31,0.9917703,1.346561,11.951959180000001,-11.0,17.0,-2.1016303897232644,0.25115428618125357,,38.7524,92.3,229.1,331.4,1,70937,39.0
1970-09-30,0.9728841,1.254047,5.33369323,3.0,20.0,-2.7554259396682723,0.2430692885975632,,38.4852,92.3,231.7,335.0,1,70944,39.2
1970-10-31,0.7257711,0.9577795,9.85679292,0.3,23.0,0.7008679604070049,0.24329773449158207,,37.7154,89.7,232.5,336.1,1,70521,39.4
1970-11-30,0.4716552,0.7192003,12.77646673,9.7,30.0,2.481883298422609,0.2298646559681491,,37.487,85.2,233.5,337.9,1,70409,39.6
1970-12-31,0.4362726,0.609697,14.12904527,0.8,22.0,0.3464208449617364,0.2228841413311421,,38.3479,87.1,237.4,341.1,0,70792,39.8
1971-01-31,0.4643492,0.4381207,11.08790535,24.2,17.0,0.02699038172136244,0.22048703522660515,,38.6429,97.4,236.3,342.4,0,70865,39.8
1971-02-28,0.1788941,0.1844813,10.2975065,35.8,19.0,2.7687737633733382,0.21632803048757823,,38.5692,97.2,236.5,345.7,0,70807,39.9
1971-03-31,-0.1187319,-0.0024777,6.76044012,9.3,32.0,3.5449183871119123,0.2076624097723487,,38.5274,99.6,234.6,347.8,0,70860,40.0
1971-04-30,-0.5334037,-0.4131328,9.77851774,37.1,32.0,6.406397757645914,0.22087492052792435,,38.7438,100.3,238.1,350.4,0,71036,40.1
1971-05-31,-0.7486184,-0.6326457,9.391313199999999,16.3,29.0,9.275624118506204,0.22894490110579832,,38.9404,99.6,237.8,353.7,0,71247,40.3
1971-06-30,-0.8805277,-0.7467718,10.17798081,21.0,30.0,11.731061220705536,0.23816616826042955,,39.1037,103.0,240.6,356.1,0,71254,40.6
1971-07-31,-0.8853828,-0.6997347,12.443908720000001,-2.9,32.0,10.445819639835474,0.2667479918994171,,38.9902,101.1,239.1,358.7,0,71315,40.7
1971-08-31,-0.9515649,-0.7998408,11.211995230000001,41.7,31.0,13.01492542898689,0.273949345132223,,38.7639,102.2,240.3,362.3,0,71373,40.8
1971-09-30,-0.8841634,-0.647851,11.8014299,8.9,37.0,14.279320019833259,0.28427551250405436,,39.3939,107.0,241.8,364.2,0,71614,40.8
1971-10-31,-1.11149,-0.7268565,13.630867199999999,12.7,35.0,12.754177362673373,0.2853205041034669,,39.6888,107.2,241.2,367.4,0,71642,40.9
1971-11-30,-1.244303,-0.8521877,15.293388059999998,19.4,49.0,12.991347943796267,0.28638405074628515,,39.8572,107.3,244.0,369.7,0,71847,40.9
1971-12-31,-1.239572,-0.8496044,13.54148044,24.3,48.0,13.348310987035441,0.287447327567088,,40.3174,107.4,245.6,375.4,0,72109,41.1
1972-01-31,-1.164185,-0.6596342,9.53389444,17.8,39.0,11.247976567463779,0.2923552163261108,,41.2866,110.5,243.2,377.7,0,72441,41.1
1972-02-29,-1.200597,-0.7412874,9.85079399,27.8,38.0,15.47435811595318,0.29912787322962614,,41.68,109.3,246.6,380.3,0,72648,41.3
1972-03-31,-1.158882,-0.6032464,10.75765073,22.1,66.0,16.48705942271606,0.30917595426459543,,41.9758,112.3,251.3,385.6,0,72944,41.4
1972-04-30,-1.116901,-0.5766462,14.03903134,19.7,66.0,17.777102936500018,0.2993719034057659,,42.4207,112.9,252.2,387.5,0,73162,41.5
1972-05-31,-1.053861,-0.5885652,15.66676763,5.8,49.0,20.189818369184756,0.30671749075954774,,42.3956,114.5,255.4,388.1,0,73469,41.6
1972-06-30,-0.9668985,-0.4788558,16.08103771,10.3,66.0,19.162231849598637,0.3151092065247442,,42.5178,114.8,255.3,391.4,0,73758,41.7
1972-07-31,-1.024117,-0.549038,19.00157333,0.9,32.0,18.31717408552279,0.2918330280416539,,42.5004,116.6,258.0,395.3,0,73709,41.9
1972-08-31,-0.994898,-0.4694774,20.539496630000002,20.0,51.0,20.00898733697453,0.2931650138014879,,43.0644,118.3,259.6,398.5,0,74141,42.0
1972-09-30,-0.8841574,-0.4052289,21.90062573,10.9,32.0,18.195276010898148,0.29511610224015905,,43.3948,117.9,262.7,400.6,0,74264,42.1
1972-10-31,-0.9267986,-0.459454,22.88691763,-1.9,43.0,18.887457936829534,0.30137050086141326,,43.9709,122.0,267.7,405.2,0,74674,42.3
1972-11-30,-0.9958762,-0.4086813,23.92501252,8.2,40.0,17.098342957118838,0.30795571281817136,,44.4866,123.4,267.9,409.2,0,74973,42.4
1972-12-31,-0.8514224,-0.2837058,20.46402761,-1.4,40.0,16.006163753092448,0.3112948971566127,,45.0,124.8,268.6,412.7,0,75268,42.5
1973-01-31,-0.6725332,-0.3246213,22.86814254,0.1,31.0,19.241823431781473,0.3239553762435028,,45.2914,129.3,272.5,414.7,0,75617,42.6
1973-02-28,-0.4516805,-0.1227571,25.51678834,-0.8,21.0,14.321868194234522,0.3353530320815423,,45.9647,131.9,276.2,417.7,0,76014,42.9
1973-03-31,-0.3764301,-0.1418334,26.57525585,-4.8,9.0,13.3005337408844,0.35123384400419183,,45.9868,134.3,277.6,420.8,0,76284,43.3
1973-04-30,-0.4408277,-0.2635592,26.89344798,9.7,8.0,11.944349758554013,0.35634539347816846,,45.9274,132.5,279.4,423.9,0,76455,43.6
1973-05-31,-0.7822821,-0.4975839,29.60047236,-5.1,8.0,14.521819348771139,0.35855862564390095,,46.2184,133.3,280.7,427.6,0,76648,43.9
1973-06-30,-0.9181071,-0.6989624,31.632038969999996,-5.0,2.0,16.056129628839543,0.3408938126865471,,46.2516,128.1,284.1,432.1,0,76887,44.2
1973-07-31,-1.024269,-0.8216007,28.12036914,-2.9,1.0,16.264483340059325,0.34087429325118296,,46.4427,130.1,289.9,434.1,0,76913,44.3
1973-08-31,-1.054226,-0.9790875,27.309503600000003,2.7,6.0,17.036196689414464,0.337373525457025,,46.3634,128.6,287.5,437.2,0,77168,45.1
1973-09-30,-1.160093,-1.065828,25.82488484,18.9,5.0,17.288706194502513,0.33099118942731276,,46.7782,133.7,292.3,443.2,0,77276,45.2
1973-10-31,-1.241443,-1.217962,25.40902854,-10.3,9.0,18.377222003322043,0.3234584210735429,,47.0944,129.3,293.4,445.5,0,77607,45.6
1973-11-30,-1.413601,-1.457206,27.8037291,1.7,5.0,21.964946084033315,0.3306279039816127,,47.3422,129.1,299.1,448.7,0,77920,45.9
1973-12-31,-1.197173,-1.218994,28.24051125,,0.0,16.476752155623874,0.33308376508640053,,47.2312,126.3,300.6,449.8,1,78031,46.2
1974-01-31,-1.369036,-1.135774,25.331765960000002,,0.0,11.004069655058025,0.30461986053525225,,46.9002,126.7,305.0,452.8,1,78100,46.6
1974-02-28,-1.527672,-1.365191,24.84669353,6.2,5.0,13.084597269774074,0.2857413485263961,,46.7547,124.8,309.3,455.6,1,78254,47.2
1974-03-31,-1.551464,-1.396411,24.5951956,-12.5,2.0,11.301629418826005,0.26033916967901305,,46.768,128.5,312.3,460.7,1,78296,47.8
1974-04-30,-1.859636,-1.646813,20.41392309,,0.0,15.67377882793981,0.2566731214640999,,46.6012,129.0,315.2,466.5,1,78382,48.0
1974-05-31,-1.913766,-1.749889,20.40398256,,0.0,15.402073801177297,0.23436972225522323,,46.9779,132.0,318.6,471.9,1,78549,48.6
1974-06-30,-1.914407,-1.782701,22.51057705,0.0,2.0,14.362705287738557,0.22929357472488457,,46.9246,130.8,320.2,477.0,1,78604,49.0
1974-07-31,-1.901537,-1.801951,20.56789478,,0.0,17.00225287897246,0.21887753087452058,,46.9465,133.4,324.4,480.2,1,78636,49.4
1974-08-31,-2.158196,-2.02677,17.98764658,,0.0,20.634473960962346,0.21046572759739668,,46.4902,140.9,328.7,485.2,1,78619,50.0
1974-09-30,-1.832144,-1.778891,15.48379446,,0.0,15.24697811273003,0.20978963683164797,,46.5124,134.7,329.9,490.5,1,78610,50.6
1974-10-31,-2.134091,-2.086004,20.175743490000002,,0.0,22.185618212285735,0.1973937098951942,,46.3395,131.0,331.5,496.7,1,78630,51.1
1974-11-30,-2.227903,-2.315684,18.57324977,,0.0,24.237302570594167,0.17259034234186946,,44.8159,125.4,331.5,499.3,1,78265,51.5
1974-12-31,-1.892286,-1.997765,19.52898651,,0.0,16.657977590401728,0.16306447402766902,,43.2364,125.0,329.7,507.1,1,77652,51.9
1975-01-31,-1.745906,-1.813446,19.25252713,-1.4,1.0,14.253870912794763,0.1588591041134693,,42.6437,129.5,334.4,511.6,1,77293,52.1
1975-02-28,-1.997838,-1.985044,20.36062208,5.0,1.0,18.5919999283487,0.15322347613713277,,41.6572,134.8,336.1,518.5,1,76918,52.5
1975-03-31,-1.999356,-2.007502,20.03006189,,0.0,19.43599870046972,0.14926934056926425,,41.213,131.0,338.1,521.4,1,76648,52.7
1975-04-30,-1.948063,-2.01704,15.675422750000001,,0.0,21.453953274997204,0.1522374254925566,,41.2483,132.0,336.2,526.8,0,76460,52.9
1975-05-31,-1.568301,-2.017063,16.09640028,,0.0,22.408840394669514,0.17122068849379612,,41.154,138.1,348.8,532.0,0,76624,53.2
1975-06-30,-1.656703,-2.026871,15.643786209999998,-0.8,2.0,21.45517578760456,0.17215957940923599,,41.4216,140.0,349.5,537.3,0,76521,53.6
1975-07-31,-1.522452,-1.873729,14.35999825,9.1,1.0,19.24979341131743,0.17076033764118773,,41.8198,145.0,353.6,541.2,0,76770,54.2
1975-08-31,-1.634498,-1.881455,14.85532338,-4.1,1.0,21.080759456854093,0.17667326347208254,,42.2548,145.4,357.4,544.1,0,77153,54.3
1975-09-30,-1.701663,-1.917219,14.13882873,-7.1,3.0,21.469453089299318,0.1795803009289047,,42.7754,149.9,356.8,548.1,0,77228,54.6
1975-10-31,-1.687786,-1.816286,16.30304831,-0.1,3.0,18.81837754520462,0.19295983536533082,,42.97,148.0,355.7,557.1,0,77540,54.9
1975-11-30,-1.916143,-1.875713,17.059269439999998,0.0,1.0,21.226772804697568,0.1990370727010111,,43.0627,153.2,360.4,562.1,0,77685,55.3
1975-12-31,-2.135266,-1.913792,16.7112096,-8.8,1.0,21.525909917757282,0.2025998731769182,,43.5959,158.9,362.9,570.3,0,78017,55.5
1976-01-31,-2.057971,-1.759957,16.95811055,5.1,6.0,18.40881697418221,0.21055409396839744,,44.2338,161.2,369.3,576.7,0,78503,55.6
1976-02-29,-2.258131,-1.83991,14.16824016,25.0,1.0,17.63224386698212,0.21943933673168908,,44.6687,164.2,366.0,577.5,0,78816,55.8
1976-03-31,-2.276957,-1.805771,14.480682210000001,12.9,2.0,19.858115323082732,0.23625468236556454,,44.7103,164.5,367.0,583.3,0,79048,55.9
1976-04-30,-2.170923,-1.777334,14.33912601,,0.0,21.73764461116796,0.2287275768400443,,44.9525,167.6,371.3,586.5,0,79292,56.1
1976-05-31,-2.26139,-1.810363,15.2175849,-4.1,4.0,22.349153774070025,0.2299937420311292,,45.1731,162.2,370.4,590.1,0,79312,56.5
1976-06-30,-2.15343,-1.760859,15.78507577,1.6,4.0,21.351141975307307,0.2347921745852411,,45.1831,167.9,377.6,595.0,0,79376,56.8
1976-07-31,-2.152854,-1.679178,15.9518295,9.4,4.0,21.474343384161976,0.2398754579002378,,45.4519,169.7,377.9,602.0,0,79547,57.1
1976-08-31,-2.209857,-1.766702,17.132156079999998,-0.9,2.0,22.635091109309002,0.23760392268749211,,45.7737,168.7,381.0,608.3,0,79704,57.4
1976-09-30,-2.249386,-1.798486,18.19837232,-1.6,6.0,22.060493121525294,0.2232174487519508,,45.9055,171.2,382.9,614.7,0,79892,57.6
1976-10-31,-2.185751,-1.804085,19.22213391,-6.2,1.0,20.774149276924316,0.21295392988716738,,45.922,170.9,387.3,618.5,0,79911,57.9
1976-11-30,-2.422017,-1.883289,18.00631983,-4.3,1.0,22.161178254569812,0.21380584044519668,,46.6016,173.2,388.2,627.5,0,80240,58.0
1976-12-31,-2.286561,-1.772721,18.62489897,2.1,4.0,19.636006348302004,0.20792802923812198,,47.0857,182.2,393.2,636.0,0,80448,58.2
1977-01-31,-2.025727,-1.646713,16.6911175,-0.7,4.0,17.450908859352065,0.20473048548673972,,46.8261,177.8,394.5,642.7,0,80690,58.5
1977-02-28,-1.892686,-1.524967,16.81396885,32.8,2.0,17.189478617708733,0.20710778219791146,,47.5387,184.1,397.7,649.5,0,80988,59.1
1977-03-31,-1.803675,-1.431079,16.520270019999998,32.8,3.0,15.24488357198307,0.19544618128011532,,48.1302,189.9,397.1,651.3,0,81391,59.5
1977-04-30,-1.785025,-1.428358,13.878398780000001,90.7,5.0,15.414336744481721,0.19628933860256462,,48.578,188.9,402.1,656.4,0,81728,60.0
1977-05-31,-1.944725,-1.611428,12.58815207,-1.4,1.0,18.412571450098536,0.1991124895095187,,48.9881,188.6,404.6,663.9,0,82088,60.3
1977-06-30,-1.958674,-1.591499,11.59381576,-2.9,5.0,17.72477143655003,0.19591378449963534,,49.3428,190.2,404.4,668.9,0,82488,60.7
1977-07-31,-1.88296,-1.564885,11.63168808,11.3,3.0,17.190329453114284,0.1940750095579525,,49.4131,191.7,409.8,678.9,0,82834,61.0
1977-08-31,-1.86875,-1.590775,10.91016767,17.5,2.0,17.04367923811292,0.19205231828204153,,49.4274,194.2,409.0,682.5,0,83075,61.2
1977-09-30,-1.841809,-1.58951,10.698610879999999,8.8,1.0,16.455853766653714,0.19746438909201702,,49.6665,196.1,410.9,687.6,0,83532,61.4
1977-10-31,-1.826746,-1.573193,10.65553301,11.5,4.0,15.521282685277995,0.19904782556011197,,49.7589,197.1,418.8,695.5,0,83800,61.6
1977-11-30,-1.604935,-1.521006,9.18186763,12.1,2.0,15.237871049151726,0.21435232490859177,,49.8149,200.8,426.5,699.7,0,84173,61.9
1977-12-31,-1.531034,-1.487213,8.04437479,8.2,3.0,14.403383846560281,0.21893590124925638,,49.8936,204.2,425.6,706.3,0,84410,62.1
1978-01-31,-1.507866,-1.502543,6.51327136,45.0,3.0,15.494847561182318,0.22472989195678272,,49.2047,191.2,424.2,714.0,0,84594,62.5
1978-02-28,-1.472716,-1.4793,5.010942,-12.5,2.0,15.480949829786583,0.2190008508414408,,49.4519,198.5,431.2,725.4,0,84948,62.9
1978-03-31,-1.425717,-1.374802,3.60510721,-15.0,2.0,14.280144193181426,0.21587884529919957,,50.392,204.7,437.8,735.0,0,85460,63.4
1978-04-30,-1.272651,-1.160426,1.29133778,58.1,6.0,16.47922211921068,0.21473302787223147,,51.4438,213.5,438.8,744.1,0,86162,63.9
1978-05-31,-1.29328,-1.216063,-0.48644760000000004,80.0,2.0,19.477078389949863,0.20902781974412954,,51.6239,217.0,445.7,749.3,0,86509,64.5
1978-06-30,-1.296347,-1.235281,-2.3839040999999996,68.5,4.0,20.190588304742164,0.21638467512805135,,51.9809,218.1,449.9,757.8,0,86950,65.2
1978-07-31,-1.317221,-1.332616,-2.8306232000000002,23.8,3.0,22.38112947855735,0.21172418417596578,,51.9572,215.3,450.7,760.8,0,87204,65.7
1978-08-31,-1.383804,-1.298949,-4.6634272999999995,20.0,4.0,22.83912606517577,0.21584105231438416,,52.1531,221.8,454.3,770.8,0,87483,66.0
1978-09-30,-1.259989,-1.217668,-4.0669841,34.8,6.0,23.00632119778144,0.22107739378551328,,52.2862,213.1,461.8,777.9,0,87621,66.5
1978-10-31,-1.270026,-1.18726,2.00283788,4.4,5.0,22.404078606259027,0.22657066121830258,,52.7031,220.3,461.9,784.7,0,87956,67.1
1978-11-30,-1.266703,-1.178543,0.04798464,-0.4,5.0,22.926773788791486,0.21209570263945207,,53.1001,222.3,469.5,788.8,0,88391,67.4
1978-12-31,-1.190451,-1.134156,-0.2325989,-2.7,8.0,23.533695568867515,0.21944915254237288,,53.3889,224.2,476.8,795.5,0,88671,67.7
1979-01-31,-1.007454,-0.9559739,-1.4948238,7.6,6.0,22.957672944420967,0.2164622419017682,,53.0435,220.5,478.9,802.9,0,88808,68.3
1979-02-28,-1.015238,-1.007392,-2.4625374,2.5,3.0,23.71210082319798,0.22200603708495037,,53.3331,224.0,484.3,809.5,0,89055,69.1
1979-03-31,-0.9413851,-1.062615,-5.4618594,11.3,6.0,24.31420814272888,0.21892297077879969,,53.4972,225.3,490.5,815.4,0,89479,69.8
1979-04-30,-0.8805352,-1.041607,-7.5758133,25.6,5.0,23.31203796549457,0.21632749966083298,,52.8947,222.7,489.1,826.7,0,89417,70.6
1979-05-31,-0.7983497,-0.9510597,-8.0829287,64.6,8.0,24.492537609216065,0.20649513229287897,,53.3176,224.4,499.4,835.0,0,89789,71.5
1979-06-30,-0.4940286,-0.7360745,-9.1144757,50.6,9.0,25.27582838418421,0.19239740907225164,,53.3158,219.3,511.7,844.7,0,90108,72.3
1979-07-31,-0.3456976,-0.5875173,-9.1366053,22.3,5.0,22.98855161047582,0.20221345330551854,,53.2432,226.0,511.3,848.8,0,90217,73.1
1979-08-31,-0.1888116,-0.502843,-9.8295496,0.9,5.0,22.16497970357692,0.20769957892927732,,52.8891,231.3,524.2,860.0,0,90300,73.8
1979-09-30,-0.0922991,-0.4699108,-9.8187398,24.7,4.0,21.553331594421756,0.21266423016571814,,52.9468,235.4,531.5,867.0,0,90327,74.6
1979-10-31,-0.4231892,-0.7536069,-9.3605815,4.6,11.0,23.723407934029858,0.206180241436869,,53.2382,228.3,533.8,879.6,0,90481,75.2
1979-11-30,-0.3559471,-0.7123248,-11.292219000000001,28.0,6.0,22.638126960372567,0.21347939498783622,,53.1886,229.0,541.1,887.2,0,90573,75.9
1979-12-31,-0.2429214,-0.6573135,-13.9761468,27.4,13.0,19.93181179194268,0.22005673869112388,,53.2612,229.9,543.3,893.1,0,90672,76.7
1980-01-31,-0.3663194,-0.7262089,-15.5711385,73.5,14.0,20.91589525280763,0.22366250148830005,,53.5021,239.6,554.2,903.5,0,90800,77.8
1980-02-29,-0.4166412,-0.7108722,-16.6127212,119.1,8.0,21.633918157658723,0.23119593690234128,,53.5079,232.9,560.2,908.3,1,90883,78.9
1980-03-31,-0.5868668,-0.5268083,-13.417105300000001,28.5,9.0,19.877332498705023,0.2482635029376404,,53.3284,223.6,565.4,919.1,1,90994,80.1
1980-04-30,-0.4712964,-0.5724348,-12.1990757,39.0,9.0,20.538880906245087,0.24832472324723248,,52.2375,212.4,565.2,917.7,1,90849,81.0
1980-05-31,-0.1582484,-0.3305764,-12.6814756,21.6,13.0,17.50976150027172,0.24739222155962742,,50.9676,208.5,566.4,925.1,1,90420,81.8
1980-06-30,-0.1266474,-0.2633965,-14.2872413,13.9,18.0,17.21500993029006,0.24189653176960765,,50.3335,214.9,566.1,937.8,1,90101,82.7
1980-07-31,-0.216283,-0.2264394,-16.995780099999998,12.7,26.0,16.75243920438032,0.23385757935936946,,49.9417,226.7,570.3,950.1,1,89840,82.7
1980-08-31,-0.1517137,-0.2921338,-19.6163819,51.7,24.0,18.514623055211903,0.2296273453993406,,50.1226,224.0,579.4,960.4,0,90099,83.3
1980-09-30,-0.0350968,-0.3390272,-21.2043979,37.4,25.0,19.87513234510756,0.23916313510809564,,50.9338,225.4,579.8,975.2,0,90213,84.0
1980-10-31,-0.0175014,-0.3189383,-22.5519896,74.5,34.0,19.51941499582556,0.2553074962390552,,51.5801,236.3,588.0,992.8,0,90490,84.8
1980-11-30,0.0950589,-0.1292166,-21.8249222,53.3,23.0,17.9093160722987,0.2629138529424342,,52.4731,236.7,588.7,1001.4,0,90747,85.5
1980-12-31,0.412389,0.2567682,-22.8887672,69.1,35.0,13.52611354192918,0.27802428930049533,,52.7676,235.7,597.0,1019.0,0,90943,86.3
1981-01-31,0.5560931,0.3528366,-22.922043,31.9,24.0,17.445474012462654,0.29241548616133667,,52.4688,239.9,609.8,1020.4,0,91033,87.0
1981-02-28,0.8131778,0.5800104,-22.6229653,50.5,32.0,17.927974992413073,0.2905398594221094,,52.2219,247.3,614.3,1022.6,0,91105,87.9
1981-03-31,0.8744214,0.6917378,-26.0754549,37.8,39.0,14.573378380633994,0.29073847572835,,52.5009,250.9,618.1,1034.0,0,91210,88.5
1981-04-30,0.7272612,0.6436737,-29.646995999999998,16.8,56.0,16.74468128820039,0.30455636543955344,,52.2665,241.7,621.5,1041.2,0,91283,89.1
1981-05-31,0.441996,0.5515262,-34.5714218,16.3,46.0,18.46995637391485,0.32936682555736535,,52.5783,239.8,620.6,1053.4,0,91296,89.8
1981-06-30,0.5348935,0.7399527,-29.9969938,13.4,62.0,14.691581682364586,0.36549703561409086,,52.8272,241.4,626.5,1066.6,0,91490,90.6
1981-07-31,0.4090696,0.5791551,-28.8764591,15.6,42.0,19.029211966989873,0.3893738030153723,,53.1722,245.2,626.5,1070.4,0,91601,91.6
1981-08-31,0.5041084,0.8243543,-26.532535499999998,3.6,37.0,18.05771724503909,0.4077106259243476,,53.1672,260.4,629.8,1076.5,1,91565,92.3
1981-09-30,0.515219,1.011441,-24.263094499999998,2.2,20.0,14.93889719522181,0.4073377020929231,,52.8548,250.2,631.1,1084.3,1,91477,93.2
1981-10-31,0.6294612,1.076527,-26.1694946,2.4,37.0,18.600569849204494,0.4023236309563625,,52.4951,237.3,633.4,1093.2,1,91380,93.4
1981-11-30,0.8789541,1.214069,-22.897847900000002,5.9,27.0,15.471568498435435,0.37620831044071384,,51.8972,237.0,633.7,1100.0,1,91171,93.7
1981-12-31,1.174429,1.439078,-22.8103316,4.7,28.0,12.73660894605857,0.36217513680330327,,51.3277,236.3,640.0,1112.5,1,90895,94.0
1982-01-31,0.9243165,1.273454,-22.8546893,6.2,15.0,14.894372229199684,0.36953765173621694,,50.3077,241.0,637.3,1118.8,1,90565,94.3
1982-02-28,0.8028033,1.387754,-21.5106277,2.0,14.0,10.877890744786392,0.3771153590433873,,51.2996,249.3,643.4,1128.5,1,90563,94.6
1982-03-31,0.8998477,1.517518,-20.4692944,0.2,13.0,8.901741932626335,0.3749789356610832,,50.9105,249.0,638.9,1136.2,1,90434,94.5
1982-04-30,0.704177,1.399229,-21.8356942,21.6,18.0,10.896703114743364,0.38595986181937825,,50.459,244.9,637.5,1144.0,1,90150,94.9
1982-05-31,0.8661334,1.459001,-20.4050574,2.1,19.0,10.464283704737856,0.3802764905448343,,50.1366,256.8,638.6,1149.1,1,90107,95.8
1982-06-30,0.8668177,1.359674,-19.6124679,29.9,14.0,6.937839841497732,0.37168882839493245,,49.969,246.0,640.0,1162.0,1,89865,97.0
1982-07-31,0.7271402,1.193735,-18.5348957,-0.9,14.0,8.954260698993323,0.3710869477047309,,49.8127,247.8,652.6,1171.9,1,89521,97.5
1982-08-31,0.400927,0.9785058,-18.0942372,0.3,11.0,9.664563971480195,0.35574620434863335,,49.378,248.6,647.0,1184.5,1,89363,97.7
1982-09-30,0.1961807,0.8456762,-17.4619769,7.1,16.0,10.111945650915798,0.34590048768568205,,49.2276,260.0,649.6,1195.1,1,89183,97.9
1982-10-31,0.1411617,0.7779434,-21.4788442,22.2,22.0,9.287912853621664,0.3377583691122285,,48.785,254.1,656.5,1215.2,1,88907,98.2
1982-11-30,0.0572634,0.8307424,-25.6934104,60.7,22.0,4.941050571193889,0.3559843502697959,,48.5953,268.1,655.0,1226.2,1,88786,98.0
1982-12-31,0.2068152,0.8485991,-25.617884000000004,31.5,44.0,2.436612206349488,0.3647539027068315,,48.2401,270.8,658.8,1232.0,0,88771,97.6
1983-01-31,0.1762682,0.6767235,-30.1906896,32.6,24.0,5.854316677769149,0.35352110863301806,,49.1748,268.3,655.1,1250.6,0,88990,97.8
1983-02-28,0.1610674,0.545817,-30.956901799999997,22.1,41.0,7.371833255331062,0.36013440537621505,,48.8671,266.8,652.9,1257.3,0,88917,97.9
1983-03-31,-0.0674093,0.3697806,-30.674548,32.8,60.0,11.001874740038096,0.37764398434905644,,49.2655,271.6,663.1,1268.1,0,89090,97.9
1983-04-30,-0.036934,0.4636881,-23.995819400000002,34.0,43.0,9.956105126215695,0.37247692113897696,,49.8681,281.7,665.3,1279.4,0,89364,98.6
1983-05-31,-0.1685132,0.4025822,-28.235014000000003,44.0,68.0,11.145964848473945,0.3683081866343741,,50.207,288.8,672.7,1284.3,0,89644,99.2
1983-06-30,-0.0992123,0.4910389,-30.640270200000003,48.2,85.0,11.001502369122209,0.38793548757389645,,50.508,298.2,681.1,1296.7,0,90021,99.5
1983-07-31,0.0230436,0.6636804,-28.3887719,28.3,95.0,7.767160417460603,0.39497684010451223,,51.274,303.4,686.3,1314.7,0,90437,99.9
1983-08-31,-0.0205565,0.687465,-26.0746311,12.5,104.0,10.087598144362712,0.4055076493612557,,51.8458,301.2,688.2,1331.1,0,90129,100.2
1983-09-30,0.1079781,0.821964,-25.545592299999996,12.0,84.0,8.986561188625359,0.4153824078059979,,52.6317,302.6,690.8,1341.5,0,91247,100.7
1983-10-31,0.651336,1.373528,-20.6697192,7.5,86.0,2.1383553508676623,0.42823266380185765,,53.0647,313.7,693.8,1350.1,0,91520,101.0
1983-11-30,0.9827865,1.651958,-22.040410899999998,6.6,84.0,3.3017230395424924,0.4299334936370589,,53.2564,315.9,696.5,1353.9,0,91875,101.2
1983-12-31,1.126431,1.853173,-21.758866599999998,2.5,109.0,2.933958235299392,0.4300077532951503,,53.5313,328.3,699.2,1366.1,0,92230,101.3
1984-01-31,1.763084,2.26562,-19.8305641,12.6,67.0,-1.449297953173383,0.41635955500998645,,54.5975,336.8,710.5,1372.0,0,92673,101.9
1984-02-29,1.953685,2.400542,-21.1738292,10.8,61.0,-3.281159387811175,0.39612874245756646,,54.8377,328.7,701.5,1373.3,0,93157,102.4
1984-03-31,1.901329,2.341887,-19.9719644,11.5,56.0,-1.0816426824980692,0.37602854438214517,,55.1047,328.8,707.4,1395.5,0,93429,102.6
1984-04-30,1.644782,2.046725,-20.8464275,13.1,39.0,1.681530949031274,0.3628229537340448,,55.4593,336.0,716.6,1404.9,0,93792,103.1
1984-05-31,1.937115,2.321937,-20.366094,8.9,50.0,-0.22560384937916222,0.3588062432639895,,55.7123,341.7,719.7,1413.1,0,94098,103.4
1984-06-30,1.938099,2.313416,-20.267624,7.2,49.0,1.3355291013929653,0.3231286842397953,,55.9079,346.1,730.9,1418.6,0,94479,103.7
1984-07-31,1.86589,2.198719,-18.5611694,14.8,39.0,0.2537235131342284,0.29237554945179395,,56.0852,341.5,720.2,1432.9,0,94789,104.1
1984-08-31,1.674145,1.854764,-19.1332525,8.2,51.0,3.1563665208761686,0.26512134216375904,,56.1353,339.7,721.9,1450.6,0,95032,104.5
1984-09-30,1.726829,1.797207,-17.9132792,10.4,28.0,1.000998122244196,0.24133721003410993,,56.034,345.0,731.7,1457.2,0,95344,105.0
1984-10-31,1.414994,1.441802,-16.5857913,16.4,40.0,2.9633082361331464,0.2133192881416941,,55.9427,343.0,728.7,1459.5,0,95629,105.3
1984-11-30,1.423857,1.440172,-14.3377747,14.0,40.0,0.6044289733220297,0.1925822705306025,,56.1631,358.4,736.7,1476.3,0,95982,105.3
1984-12-31,1.18581,1.224504,-15.946332499999999,12.3,32.0,1.1495563720719364,0.17073741237899057,,56.2299,360.1,732.9,1489.7,0,96107,105.3
1985-01-31,1.000155,1.107179,-18.3077784,13.5,30.0,1.0759659809611746,0.16626340545625587,,56.1365,365.5,737.0,1516.2,0,96372,105.5
1985-02-28,0.8362221,0.9820496,-18.4710498,19.6,26.0,3.424857032169051,0.16862554528399973,,56.3356,364.9,745.7,1530.2,0,96503,106.0
1985-03-31,0.8725258,0.904055,-17.410422,29.3,39.0,3.072688495000714,0.1591313929255379,,56.4232,373.6,744.4,1530.4,0,96842,106.4
1985-04-30,0.9297755,0.9005381,-15.026079300000001,7.0,40.0,3.2416032317397536,0.15964044035955963,,56.2716,365.7,754.0,1539.8,0,97038,106.9
1985-05-31,0.7836207,0.8160825,-14.1847531,23.2,40.0,3.3141118564266,0.15816458818172618,,56.3525,384.3,753.9,1558.2,0,97312,107.3
1985-06-30,0.6403146,0.6931332,-13.5905109,14.6,40.0,3.8962949717371966,0.15769058152208762,,56.3903,369.7,750.4,1569.3,0,97459,107.6
1985-07-31,0.6189306,0.6276823,-14.9806875,14.4,45.0,3.5609439204932487,0.16344336419403763,,56.0242,376.3,755.2,1584.1,0,97648,107.8
1985-08-31,0.6394165,0.7141165,-14.111905499999999,4.9,46.0,1.7312504195012148,0.1663579430184352,,56.2533,390.3,761.2,1600.6,0,97840,108.0
1985-09-30,0.548512,0.710115,-12.629365700000001,14.9,44.0,1.3640894318956474,0.16731249798037462,,56.4939,422.7,765.0,1606.9,0,98045,108.3
1985-10-31,0.5553521,0.6322588,-11.6584416,3.6,65.0,3.3585631994493976,0.1690993897545553,,56.261,379.2,766.0,1610.6,0,98233,108.7
1985-11-30,0.5474923,0.5743992,-12.6840751,7.8,49.0,3.87735433946575,0.16802674962773878,,56.4503,380.8,775.2,1615.1,0,98443,109.0
1985-12-31,0.6268846,0.6946782,-13.083627100000001,5.6,43.0,3.485484057094802,0.17645539054697942,,57.0454,391.2,778.9,1641.2,0,98609,109.3
1986-01-31,0.8217106,0.8319594,-15.184160199999999,4.7,37.0,1.8097134134671546,0.1744777049960275,,57.3112,401.4,784.4,1641.3,0,98732,109.6
1986-02-28,0.6822968,0.7169055,-15.3356032,11.9,52.0,5.584024015930713,0.1668733734259304,,56.9304,389.4,776.7,1654.2,0,98847,109.3
1986-03-31,0.5910664,0.6967575,-14.308271999999999,24.8,71.0,7.100050414517405,0.16647036653161215,,56.5414,384.1,776.7,1662.8,0,98934,108.8
1986-04-30,0.4326411,0.6244225,-15.3183572,16.3,48.0,7.023055224409237,0.1612762154432793,,56.5654,404.0,761.4,1669.8,0,99121,108.6
1986-05-31,0.4877979,0.6589808,-15.4890422,14.1,88.0,7.994009841994004,0.1673175055149827,,56.685,414.2,768.6,1674.7,0,99248,108.9
1986-06-30,0.5509775,0.6500861,-14.0742856,10.9,122.0,10.418340141085919,0.16474744874936073,,56.4959,403.7,772.3,1685.7,0,99155,109.5
1986-07-31,0.7485694,0.8903266,-11.7960511,8.8,95.0,7.202204522702919,0.16194799817252126,,56.8096,415.9,771.6,1693.7,0,99473,109.5
1986-08-31,0.8783717,0.9872478,-10.7453287,8.2,92.0,5.621278192974162,0.16304767974998458,,56.7348,434.4,768.5,1695.7,0,99588,109.7
1986-09-30,0.8768258,1.069122,-10.6275194,16.8,67.0,3.6179204661848603,0.1615908147238821,,56.8483,486.8,773.1,1711.9,0,99934,110.2
1986-10-31,0.9828882,1.103692,-10.823276799999999,3.9,86.0,1.961406483556347,0.1603049899716636,,57.1179,434.9,778.3,1719.7,0,100121,110.3
1986-11-30,1.130725,1.247387,-10.2660521,6.7,90.0,0.1665193972176591,0.16433716751124777,,57.3826,420.0,775.2,1733.2,0,100308,110.4
1986-12-31,1.20774,1.290423,-11.075436,3.3,105.0,0.9179422739874259,0.16473415536112032,,57.8627,468.5,783.5,1745.1,0,100509,110.5
1987-01-31,1.287243,1.255289,-13.1920912,15.3,38.0,2.7546689136381355,0.1602084568643344,,57.6873,399.7,782.9,1752.9,0,100678,111.2
1987-02-28,1.106486,1.118264,-16.6327848,10.8,58.0,5.983982055679094,0.15855571289005077,,58.4361,427.0,805.8,1769.0,0,100919,111.6
1987-03-31,1.059172,1.061882,-16.0899555,14.6,73.0,7.122812394294607,0.1695610615427276,,58.5202,428.8,803.5,1781.0,0,101164,112.1
1987-04-30,1.059989,1.092584,-13.267462199999999,9.4,57.0,7.676302933326484,0.17084581106446392,,58.8852,437.6,809.0,1792.2,0,101499,112.7
1987-05-31,0.975588,0.9875069,-13.315766000000002,7.5,51.0,8.894515501673315,0.17155290703983955,,59.2656,434.0,812.4,1802.0,0,101728,113.1
1987-06-30,0.8406955,0.901102,-11.2782913,9.7,80.0,8.586543522329647,0.17389135678648002,,59.5423,445.7,815.4,1811.6,0,101900,113.5
1987-07-31,0.6904966,0.7622162,-9.8680134,13.9,84.0,9.962864340035372,0.17530194513056438,,59.956,452.4,817.3,1825.0,0,102247,113.8
1987-08-31,0.4987918,0.6268582,-10.6471135,9.2,63.0,11.382821964063966,0.1736953114661717,,60.4517,468.9,822.5,1839.4,0,102420,114.4
1987-09-30,0.5749894,0.6594147,-11.5089291,8.5,60.0,10.488979528224087,0.17429744526143315,,60.6087,460.3,822.2,1844.0,0,102647,115.0
1987-10-31,0.3586679,0.5407542,-5.193977100000001,4.9,38.0,11.860368401011923,0.17277224792699208,,61.4886,443.1,824.2,1867.3,0,103138,115.3
1987-11-30,0.4574493,0.5715929,-5.8754507,11.6,21.0,8.467559778281608,0.16154303064568004,,61.8151,447.4,826.2,1870.6,0,103372,115.4
1987-12-31,0.0861263,0.263537,-7.6551983,4.2,7.0,12.7,0.15040682496095273,,62.1113,459.4,830.0,1884.7,0,103661,115.4
1988-01-31,0.0674929,0.2675797,-4.3251689,5.64,12.0,13.4,0.14958458113867434,,62.1393,470.3,832.2,1911.3,0,103753,115.7
1988-02-29,0.1371532,0.3092971,-4.7755002,17.06,14.0,13.3,0.14966967068232467,,62.41,468.7,832.7,1920.1,0,104214,116.0
1988-03-31,0.0250383,0.1781106,-7.5803392,4.7,19.0,13.82,0.13708351387475531,,62.5464,472.4,850.3,1937.9,0,104489,116.5
1988-04-30,-0.0556015,0.0164153,-7.5755871,12.29,19.0,14.28,0.1330052602866729,,62.8992,467.8,849.2,1946.1,0,104732,117.1
1988-05-31,-0.039226,-0.002784,-6.2320676,8.62,24.0,13.49,0.12359483534792869,,62.8182,474.7,854.4,1964.6,0,104962,117.5
1988-06-30,-0.1837167,-0.0987462,-7.9442219,15.77,26.0,12.75,0.1173394115209283,,62.9776,477.3,857.1,1984.2,0,105326,118.0
1988-07-31,-0.2441375,-0.200829,-6.3161859,6.96,24.0,12.73,0.11820524688552694,,63.004,472.4,864.7,2005.7,0,105550,118.5
1988-08-31,-0.2319429,-0.2361961,-5.8686586,6.76,20.0,12.65,0.11457428022607627,,63.2781,470.1,871.6,2026.2,0,105674,119.0
1988-09-30,-0.1459942,-0.3127671,-4.7762975,7.61,11.0,13.19,0.10860432550178932,,63.108,468.7,876.0,2030.3,0,106013,119.8
1988-10-31,-0.3513482,-0.4779835,-2.1840715,14.87,25.0,12.82,0.10659198979662568,,63.4145,477.9,883.9,2051.9,0,106276,120.2
1988-11-30,-0.3655961,-0.4691436,-2.0411968999999996,6.88,13.0,13.02,0.11232075278715352,,63.5171,481.8,888.0,2060.4,0,106617,120.3
1988-12-31,-0.246703,-0.4109452,-4.1621031,6.67,20.0,13.7,0.11464440117844348,,63.8207,498.9,887.1,2073.8,0,106898,120.5
1989-01-31,-0.3449534,-0.4494762,-4.8840829,5.63,8.0,12.17,0.11425291759669756,,64.0114,496.2,902.6,2085.0,0,107161,121.1
1989-02-28,-0.3434871,-0.470301,-6.1937548,17.07,13.0,12.96,0.11358173048356206,,63.7241,481.3,900.5,2106.3,0,107427,121.6
1989-03-31,-0.2957532,-0.4627838,-5.8063129,29.61,11.0,13.68,0.10202451429160005,,63.8694,481.9,904.5,2112.3,0,107621,122.3
1989-04-30,-0.2188123,-0.4456376,-11.2644864,15.52,12.0,13.15,0.09922760414320658,,63.9217,500.4,920.6,2122.0,0,107791,123.1
1989-05-31,-0.2208032,-0.499098,-11.9461469,16.34,24.0,13.43,0.09319320281173356,,63.4806,487.6,930.2,2134.0,0,107913,123.8
1989-06-30,-0.0634096,-0.3755142,-11.756441500000001,6.19,17.0,11.63,0.09120926781426292,,63.5122,492.0,932.5,2142.1,0,108027,124.1
1989-07-31,-0.127009,-0.4779811,-9.7155225,3.09,18.0,12.17,0.09107524272760074,,62.9479,497.4,932.6,2155.7,0,108069,124.4
1989-08-31,-0.1761936,-0.5210576,-10.9981434,31.87,15.0,12.63,0.08855244715354402,,63.5199,518.7,935.0,2166.9,0,108120,124.6
1989-09-30,-0.2081195,-0.5092418,-12.577315,14.3,13.0,11.75,0.08845893006119265,,63.2966,500.8,941.2,2179.8,0,108369,125.0
1989-10-31,-0.2427042,-0.5314921,-10.5259324,13.69,17.0,11.11,0.09061536012971542,,63.2481,493.9,943.0,2196.7,0,108476,125.6
1989-11-30,-0.1897604,-0.4868352,-9.122097499999999,8.48,31.0,10.34,0.09338500156709578,,63.4576,490.1,948.6,2204.6,0,108752,125.9
1989-12-31,-0.0558675,-0.3309666,-7.5593939,2.61,25.0,8.38,0.09778723843591436,,63.8477,491.6,962.4,2230.1,0,108836,126.1
1990-01-31,0.0676355,-0.3010377,-6.7957535,18.11,12.0,8.3,0.10105508391540317,,63.4171,536.4,965.3,2229.0,0,109197,127.4
1990-02-28,0.1004077,-0.2750662,-7.9733868999999995,17.89,13.0,8.51,0.10224709762001528,,64.0517,505.9,975.7,2246.6,0,109435,128.0
1990-03-31,0.0741176,-0.2368647,-9.0831163,20.31,19.0,8.6,0.11396147251387045,,64.3607,503.8,981.5,2269.6,0,109644,128.7
1990-04-30,0.1686566,-0.0289207,-8.839537,8.52,22.0,7.82,0.11598618939661808,,64.2562,505.7,976.5,2287.8,0,109688,128.9
1990-05-31,0.0451205,-0.1056048,-10.1356578,26.22,19.0,10.34,0.11857807349584185,,64.3971,495.3,977.4,2303.1,0,109839,129.2
1990-06-30,0.0465695,-0.1024939,-10.6586279,21.01,22.0,9.78,0.11795582568141483,,64.6064,494.3,988.6,2321.6,0,109857,129.9
1990-07-31,-0.0708554,-0.1780986,-7.086418999999999,6.99,24.0,10.09,0.11047901433725336,,64.5289,496.3,991.1,2334.3,0,109824,130.4
1990-08-31,-0.0663108,-0.0615503,-4.6564076000000005,4.35,15.0,9.34,0.10792165926777206,,64.7258,489.3,1004.2,2354.8,1,109617,131.6
1990-09-30,-0.3884398,-0.0572072,-2.1172950999999998,25.42,7.0,10.07,0.10293113314519073,,64.8148,495.1,1014.1,2361.0,1,109520,132.7
1990-10-31,-0.3116357,-0.0606415,-0.1096792,0.42,4.0,8.4,0.09649581838236318,,64.3264,486.1,1016.3,2368.1,1,109367,133.5
1990-11-30,-0.3220318,-0.1644429,-1.1732464,3.39,5.0,8.76,0.08544579602027962,,63.5713,482.7,1023.5,2365.7,1,109213,133.8
1990-12-31,-0.2267458,-0.1944534,-1.4946154,9.93,10.0,7.49,0.0783453263859412,,63.1589,474.0,1016.5,2370.8,1,109167,133.8
1991-01-31,-0.4087645,-0.2375561,-4.8667324,45.35,4.0,7.88,0.07265504211610037,,62.8801,452.7,1013.0,2375.3,1,109056,134.6
1991-02-28,-0.2861654,-0.1565974,-5.585622,29.79,7.0,6.61,0.06637252048555776,,62.452,467.0,1010.9,2388.8,1,108735,134.8
1991-03-31,-0.3208487,-0.2102382,-7.801372199999999,23.06,18.0,8.2,0.06408896173087134,,62.12,495.4,1018.6,2399.0,1,108576,135.0
1991-04-30,-0.1578114,-0.1891765,-6.2436587,11.39,28.0,7.64,0.0722345226735788,,62.25,474.4,1017.2,2415.4,0,108367,135.2
1991-05-31,0.2537354,-0.0847924,-6.024116,15.71,28.0,6.92,0.08398787827124311,,62.8714,473.5,1026.7,2432.9,0,108251,135.6
1991-06-30,0.3202831,8.5e-06,-5.3253024,8.53,47.0,6.9,0.09086214786194775,,63.4441,477.8,1021.3,2441.4,0,108337,136.0
1991-07-31,0.1809866,-0.1367799,-6.278531599999999,9.27,38.0,8.26,0.09055309818241035,,63.5106,485.4,1025.2,2455.5,0,108292,136.2
1991-08-31,0.1382178,-0.2349888,-7.7689999,15.24,35.0,8.83,0.10135329761321499,,63.5623,479.8,1026.4,2463.0,0,108313,136.6
1991-09-30,0.0802299,-0.1924519,-9.986003,14.97,23.0,7.08,0.11019726811172763,,64.1234,487.9,1021.6,2475.2,0,108338,137.2
1991-10-31,0.0514368,-0.1697982,-11.3781421,12.91,46.0,6.76,0.12610869149106077,,64.0179,474.1,1018.4,2483.5,0,108357,137.4
1991-11-30,0.1296877,0.0196443,-11.5248951,14.78,51.0,4.85,0.14239959913600575,,63.9427,477.3,1022.6,2503.6,0,108297,137.8
1991-12-31,0.1842355,0.1214785,-13.486927000000001,14.38,42.0,4.55,0.15276695245518315,,63.6923,480.9,1021.0,2518.6,0,108330,137.9
1992-01-31,0.3432454,0.25002219999999997,-17.3958814,21.26,42.0,5.28,0.1585970203495806,,63.3372,495.6,1040.0,2549.1,0,108372,138.1
1992-02-29,0.3981761,0.4086246,-18.3470136,22.37,46.0,3.64,0.1724528217924527,,63.7864,501.3,1038.6,2559.7,0,108313,138.6
1992-03-31,0.4556317,0.586534,-16.1339695,15.37,67.0,2.71,0.17736548557326118,,64.3199,491.7,1034.4,2590.9,0,108368,139.3
1992-04-30,0.4660767,0.5133355,-5.1652969,4.51,45.0,4.02,0.17782392281100107,,64.8069,490.0,1043.3,2598.2,0,108523,139.5
1992-05-31,0.51564,0.5029137,-4.5006358,4.55,48.0,3.88,0.17409163165714683,,65.0202,501.9,1048.4,2608.0,0,108652,139.7
1992-06-30,0.552099,0.5118189,-3.4443905,3.75,44.0,2.2,0.17566474103107294,,65.0309,511.0,1049.9,2616.1,0,108719,140.2
1992-07-31,0.4952904,0.4978485,-3.5046421000000003,6.1,34.0,3.02,0.175683134948552,,65.6155,507.2,1056.2,2641.3,0,108794,140.5
1992-08-31,0.60058,0.5842369,-2.8583311,6.5,36.0,2.29,0.17346127537739708,,65.2948,511.9,1061.3,2647.7,0,108929,140.9
1992-09-30,0.6578159,0.6489629,-4.720819,12.54,22.0,2.06,0.1688569340818056,,65.4461,517.1,1065.6,2672.5,0,108963,141.3
1992-10-31,0.5986345,0.6119605,-7.8350037,11.94,51.0,3.78,0.1636911788215498,,65.9387,522.7,1073.9,2688.1,0,109144,141.8
1992-11-30,0.6175703,0.6579433,-10.6152445,18.48,27.0,2.1,0.15485208884276197,,66.2219,514.1,1071.5,2714.9,0,109277,142.0
1992-12-31,0.7072105,0.7611774,-12.1932812,19.58,47.0,1.2,0.15019488176917414,,66.2778,532.4,1079.0,2725.0,0,109499,141.9
1993-01-31,0.7341092,0.8056253,-13.9359095,11.85,22.0,2.09,0.14323207930958706,,66.565,538.1,1078.5,2724.1,0,109799,142.6
1993-02-28,0.8613247,0.871466,-10.5036061,18.67,36.0,1.19,0.13628149746620333,,66.8562,524.2,1081.4,2749.7,0,110047,143.1
1993-03-31,0.9291713,0.7730367,-12.2873574,16.9,62.0,1.78,0.1351536430500926,,66.7661,521.2,1077.5,2753.8,0,109999,143.6
1993-04-30,0.549239,0.418533,-7.133774700000001,13.75,31.0,2.05,0.13252523828820095,,66.9976,543.0,1082.4,2768.0,0,110302,144.0
1993-05-31,0.4200139,0.2961258,-9.429050499999999,18.41,48.0,3.94,0.13387879580777065,,66.7645,552.0,1091.7,2778.7,0,110573,144.2
1993-06-30,0.3129071,0.2636187,-10.6426474,20.22,57.0,4.2,0.12971134331531234,,66.8782,548.6,1084.9,2806.5,0,110752,144.4
1993-07-31,0.4370176,0.3013883,-11.397943000000001,12.3,58.0,3.97,0.13170633453756272,,67.0843,558.6,1091.9,2818.5,0,111057,144.4
1993-08-31,0.2941574,0.2384474,-13.229522099999999,11.96,54.0,5.22,0.1325098494988189,,67.0144,551.5,1090.4,2839.2,0,111211,144.8
1993-09-30,0.3665208,0.3013469,-16.3794225,18.09,47.0,5.81,0.13557646543337146,,67.3337,559.8,1095.3,2856.4,0,111452,145.1
1993-10-31,0.5353006,0.461137,-14.870155099999998,18.98,58.0,4.26,0.13575896721129604,,67.8513,568.9,1100.2,2863.7,0,111737,145.7
1993-11-30,0.763208,0.6127183,-13.2853787,11.53,78.0,4.03,0.14073948825381413,,68.1384,574.2,1107.2,2872.7,0,111990,145.8
1993-12-31,0.7764879,0.6501868,-15.2024184,11.24,76.0,5.26,0.1441150718134511,,68.5029,578.3,1108.5,2884.3,0,112319,145.8
1994-01-31,0.794523,0.6872206,-15.378656600000001,12.7,26.0,5.41,0.14518872900519017,,68.7602,579.6,1109.9,2895.6,0,112601,146.2
1994-02-28,0.7423151,0.6081855,-16.4598824,16.9,62.0,5.55,0.14787494635851836,,68.7808,593.3,1117.8,2921.5,0,112785,146.7
1994-03-31,0.6465729,0.5535935,-15.2793279,12.8,61.0,7.98,0.14946691979760698,,69.4762,593.6,1122.8,2929.6,0,113248,147.2
1994-04-30,0.5311766,0.4845392,-9.0598004,17.2,48.0,7.25,0.1507517689618447,,69.8715,607.0,1126.1,2938.0,0,113592,147.4
1994-05-31,0.6107315,0.6139287,-7.407238200000001,7.2,71.0,7.15,0.14611948683927706,,70.2259,588.9,1124.0,2956.7,0,113928,147.5
1994-06-30,0.7707162,0.7201184,-5.9982507,7.9,53.0,6.26,0.14734257647859125,,70.6759,600.3,1134.2,2974.4,0,114242,148.0
1994-07-31,0.6993496,0.6410887,-5.3719833,11.0,41.0,8.01,0.14490965400441977,,70.7851,602.1,1139.3,2979.3,0,114613,148.4
1994-08-31,0.7537705,0.6688624,-7.695357,11.7,43.0,8.34,0.1407596619452158,,71.2069,612.0,1155.0,2995.7,0,114902,149.0
1994-09-30,0.7741854,0.6760838,-8.715289199999999,22.1,37.0,10.04,0.13746974369826387,,71.4768,613.8,1154.5,3006.7,0,115251,149.4
1994-10-31,0.5872819,0.5410289,-9.0217504,17.6,46.0,12.01,0.13311163866513587,,72.0827,629.6,1161.1,3022.2,0,115464,149.5
1994-11-30,0.560766,0.536442,-9.167561000000001,19.4,44.0,9.74,0.12839706696975767,,72.5328,635.1,1159.1,3031.4,0,115876,149.7
1994-12-31,0.4535778,0.4057166,-9.2114283,8.2,36.0,12.14,0.12039028474042478,,73.2862,630.7,1168.8,3042.1,0,116171,149.7
1995-01-31,0.5436773,0.4601345,-7.460808300000001,13.2,18.0,10.78,0.12180420899249379,,73.4173,623.6,1173.0,3054.7,0,116508,150.3
1995-02-28,0.5158744,0.4775873,-8.1713016,19.8,37.0,10.32,0.1169057231644306,,73.3112,613.0,1161.0,3076.7,0,116702,150.9
1995-03-31,0.3723645,0.3295726,-9.0217696,23.2,29.0,11.65,0.1068016978001474,,73.4086,627.2,1166.6,3091.6,0,116913,151.4
1995-04-30,0.2203783,0.1208118,-3.6906172,18.8,31.0,11.96,0.10303732668807122,,73.3603,613.2,1168.4,3108.7,0,117076,151.9
1995-05-31,0.1071494,-0.0111498,-3.317229,24.0,35.0,12.57,0.1059097259717344,,73.6079,624.8,1178.5,3129.8,0,117056,152.2
1995-06-30,0.0559765,-0.0570157,-7.551337900000001,18.5,55.0,12.08,0.10445780955037458,,73.8595,642.8,1184.1,3150.6,0,117293,152.5
1995-07-31,-0.0145505,-0.1183737,-10.680975400000001,21.8,50.0,13.52,0.10590390850585209,,73.5675,631.0,1182.9,3156.3,0,117386,152.5
1995-08-31,0.0143867,-0.0015358,-11.9090881,25.4,53.0,12.59,0.11124776102175048,,74.4969,645.3,1178.6,3181.4,0,117642,152.9
1995-09-30,0.1098494,0.0546847,-11.0472846,18.1,35.0,11.96,0.11431005538832681,,74.7941,651.3,1189.5,3179.6,0,117881,153.2
1995-10-31,0.1755914,0.0865021,-8.9967328,12.5,62.0,11.97,0.12049326001525146,,74.7015,638.1,1181.5,3194.3,0,118038,153.7
1995-11-30,0.2472333,0.1757512,-8.6916964,26.5,84.0,11.51,0.12004927196669073,,74.8864,650.6,1191.5,3213.4,0,118182,153.6
1995-12-31,0.3257557,0.2242069,-8.4457901,18.7,77.0,11.59,0.12124071965706333,,75.1739,668.0,1201.9,3227.5,0,118328,153.5
1996-01-31,0.4283193,0.2779117,-7.3963679,20.47,29.0,9.59,0.12264898240904643,,74.6833,645.8,1200.1,3239.8,0,118323,154.4
1996-02-29,0.4057864,0.2864751,-9.9632675,18.94,65.0,10.87,0.1265031010117501,,75.8433,663.2,1209.3,3260.3,0,118744,154.9
1996-03-31,0.4815016,0.3546684,-9.7630105,17.68,73.0,11.45,0.13300203822642395,,75.7631,670.4,1224.1,3278.8,0,119001,155.7
1996-04-30,0.3925071,0.267537,-15.3664791,31.26,67.0,11.54,0.14670425569553788,,76.4596,679.5,1237.5,3290.9,0,119168,156.3
1996-05-31,0.4344348,0.3334506,-16.686050599999998,27.95,94.0,12.68,0.15712918398332515,,77.0169,680.1,1238.0,3305.7,0,119496,156.6
1996-06-30,0.6426237,0.5495706,-14.0104546,14.53,87.0,12.16,0.16711072201797644,,77.6676,669.4,1243.1,3317.3,0,119778,156.7
1996-07-31,0.7202398,0.6414926,-9.5320368,10.55,66.0,13.03,0.17255323793522057,,77.5653,672.9,1244.3,3334.7,0,120020,157.0
1996-08-31,0.9026813,0.7710406,-12.256454,9.23,58.0,11.71,0.17310154856204954,,78.0121,681.7,1246.2,3347.1,0,120207,157.3
1996-09-30,0.8537785,0.7645589,-14.065708099999998,20.14,59.0,11.85,0.17416731669351607,,78.5488,683.6,1249.0,3364.0,0,120418,157.8
1996-10-31,0.8887146,0.7540684,-10.7037271,11.21,106.0,11.9,0.18130892071332697,,78.506,688.8,1263.2,3376.4,0,120674,158.3
1996-11-30,0.8550021,0.7372164,-10.2707747,11.49,81.0,12.83,0.1931111581519548,,79.1955,692.2,1266.5,3392.5,0,120969,158.6
1996-12-31,0.8705939,0.8083504,-11.015340499999999,10.7,60.0,11.06,0.19866586409042045,,79.7144,687.8,1275.2,3415.6,0,121152,158.6
1997-01-31,0.7968428,0.8063369,-11.5061317,11.9,34.0,10.91,0.20503644649003766,,79.8239,703.3,1272.1,3435.7,0,121372,159.1
1997-02-28,0.9039052,0.8673645,-7.1076233,10.5,62.0,10.76,0.20337098836710626,,80.7816,702.0,1283.1,3448.9,0,121682,159.6
1997-03-31,0.8483025,0.833761,-6.336283,9.7,39.0,10.19,0.19839748692762396,,81.3388,711.5,1287.8,3454.9,0,121999,160.0
1997-04-30,0.9997706,1.005301,0.78353474,8.4,31.0,9.14,0.18694956028761797,,81.3611,697.5,1278.6,3483.3,0,122296,160.2
1997-05-31,0.8565722,0.8704057,-3.5891009,19.5,41.0,11.71,0.17827222263258827,,81.8326,690.2,1273.0,3497.0,0,122557,160.1
1997-06-30,0.8326264,0.7795012,-2.9205891,14.8,63.0,10.91,0.16954467305042864,,82.2309,702.1,1281.6,3510.6,0,122825,160.3
1997-07-31,0.5538882,0.5730353,-5.5263922,16.0,54.0,11.8,0.1649771811284612,,82.85,715.7,1291.1,3542.0,0,123119,160.5
1997-08-31,0.648078,0.6878368,-10.123356,14.7,46.0,9.93,0.1597264102990604,,83.7172,732.6,1297.7,3556.7,0,123099,160.8
1997-09-30,0.7938575,0.8177737,-12.3046724,23.1,52.0,7.94,0.15806644339887269,,84.4629,720.0,1303.2,3578.5,0,123594,161.2
1997-10-31,0.4948224,0.6160576,-10.5992398,19.2,65.0,8.8,0.1548429468837804,,85.1968,724.7,1303.9,3609.1,0,123940,161.6
1997-11-30,0.5804003,0.6550593,-6.535902,7.4,80.0,6.85,0.14947659701334726,,85.9458,740.8,1312.7,3607.6,0,124246,161.5
1997-12-31,0.6336278,0.6906624,-4.9026624,7.6,35.0,5.27,0.14270011669741473,,86.2054,746.1,1306.8,3639.2,0,124559,161.3
1998-01-31,0.5795617,0.6513467,-4.8631243,10.6,17.0,5.62,0.13355258191161432,,86.6558,733.0,1309.4,3647.4,0,124823,161.6
1998-02-28,0.3861542,0.4568591,-7.4114792,15.5,45.0,6.5,0.13402152936713727,,86.7556,739.4,1306.5,3677.9,0,125024,161.9
1998-03-31,0.277263,0.3903036,-8.7260349,17.7,34.0,7.36,0.1395701535253343,,86.8196,740.7,1304.1,3705.5,0,125174,162.2
1998-04-30,-0.0159942,0.080843,-5.0868295,22.7,38.0,9.33,0.14143115107608667,,87.1345,758.1,1313.6,3716.4,0,125453,162.5
1998-05-31,0.1040419,0.2026114,-1.510302,11.6,46.0,8.63,0.14469220116952577,,87.6936,778.3,1317.7,3741.9,0,125855,162.8
1998-06-30,0.0442198,0.1577372,-4.043592,9.8,56.0,9.21,0.1467088865791133,,87.1421,771.3,1328.4,3771.9,0,126087,163.0
1998-07-31,0.2725537,0.3032969,-2.8398256,17.0,44.0,7.46,0.14531417165817795,,86.8414,769.4,1334.1,3786.4,0,126213,163.2
1998-08-31,0.3007255,0.3669758,4.95873305,13.6,19.0,8.13,0.14332364450288537,,88.6266,784.9,1333.2,3806.9,0,126551,163.4
1998-09-30,0.2584029,0.312775,0.6368108299999999,82.2,3.0,9.41,0.1350309698204724,,88.4562,800.9,1337.2,3827.6,0,126764,163.6
1998-10-31,0.1930684,0.2033747,2.49133321,14.1,3.0,9.37,0.1297113204393843,,89.1686,819.4,1344.8,3834.5,0,126968,164.0
1998-11-30,0.0277882,0.0102589,1.09026323,55.8,17.0,8.96,0.1212968364897323,,89.1127,817.9,1354.0,3843.5,0,127243,164.0
1998-12-31,-0.1820838,-0.1906989,-5.3860867,53.5,22.0,12.14,0.12065860340438983,,89.4388,838.2,1366.6,3865.7,0,127607,163.9
1999-01-31,-0.1099446,-0.1759464,-12.430014100000001,99.5,12.0,11.64,0.11920254204655464,,89.8617,808.4,1380.0,3884.5,0,127713,164.3
1999-02-28,0.0202445,-0.0451081,-9.4450581,59.0,34.0,10.18,0.11621237074305717,,90.3253,824.1,1384.8,3892.9,0,128131,164.5
1999-03-31,0.0140487,-0.0704138,-13.891960000000001,87.5,21.0,11.29,0.1075828413988292,,90.4709,827.4,1390.1,3915.5,0,128239,165.0
1999-04-30,-0.0548066,-0.1685448,2.64045204,70.6,35.0,11.43,0.10496279451940575,,90.7285,841.3,1414.3,3940.6,0,128610,166.2
1999-05-31,-0.0959405,-0.2012237,1.33729601,51.2,52.0,9.79,0.10412014567327339,,91.3499,855.4,1420.8,3949.6,0,128822,166.2
1999-06-30,0.0183415,-0.0710936,0.7031681700000001,34.3,60.0,8.25,0.09780958810351956,,91.199,867.7,1419.7,3966.5,0,129099,166.2
1999-07-31,-0.0899858,-0.1384217,0.26188258,60.7,62.0,9.59,0.10027297192524265,,91.7767,865.2,1421.8,3994.4,0,129420,166.7
1999-08-31,-0.169708,-0.3241907,-0.22461,39.9,39.0,9.51,0.10308840922304256,,92.1675,871.9,1439.3,4015.3,0,129576,167.1
1999-09-30,0.0310378,-0.113771,-4.5539678,79.9,40.0,8.4,0.10745213707627403,,91.7812,876.4,1459.1,4043.3,0,129781,167.9
1999-10-31,-0.1042585,-0.2042618,-5.4916841000000005,73.5,56.0,10.43,0.11293067907367597,,92.9976,868.0,1462.2,4071.9,0,130190,168.2
1999-11-30,-0.0099387,-0.046296,-14.213065799999999,105.0,54.0,10.91,0.13238051853461905,,93.444,871.2,1467.8,4098.9,0,130479,168.3
1999-12-31,0.2703665,0.2243838,-27.9787075,114.6,40.0,11.21,0.13845605003309652,,94.1555,889.8,1518.0,4130.8,0,130786,168.3
2000-01-31,0.5391476,0.5814121,-30.6514374,86.5,15.0,9.45,0.147690642760595,,94.1717,908.6,1463.7,4163.1,0,131020,168.8
2000-02-29,0.462943,0.5300894,-50.233457699999995,116.2,55.0,12.07,0.16119742590916292,,94.4329,930.7,1485.4,4203.5,0,131136,169.8
2000-03-31,0.919367,0.8979075,-47.852658999999996,85.0,53.0,10.21,0.16810539580310777,,94.7926,923.3,1527.5,4234.9,0,131609,171.2
2000-04-30,0.4149738,0.430249,-36.383039499999995,35.6,35.0,13.64,0.18212722558265143,,95.4898,900.6,1528.2,4242.2,0,131900,171.3
2000-05-31,0.7336931,0.7181179,-28.0078932,23.8,22.0,10.12,0.17789675943738395,,95.6421,907.0,1532.0,4268.6,0,132118,171.5
2000-06-30,0.928158,0.921241,-41.6134717,46.3,36.0,7.34,0.17597801066663651,,95.7364,898.2,1545.1,4300.6,0,132079,172.4
2000-07-31,1.267885,1.193013,-37.9180204,68.1,43.0,3.94,0.1746912085625369,,95.5982,897.3,1547.8,4318.9,0,132247,172.8
2000-08-31,1.234378,1.186629,-43.5846847,29.4,66.0,5.66,0.17869656702728373,,95.3172,906.4,1548.8,4343.9,0,132240,172.8
2000-09-30,1.314741,1.280108,-40.1878216,41.4,25.0,6.79,0.1746226456424376,,95.6844,931.3,1575.8,4375.8,0,132364,173.7
2000-10-31,1.444374,1.329018,-35.8494864,17.8,23.0,6.49,0.16838936092969017,,95.3974,920.6,1572.6,4395.0,0,132365,174.0
2000-11-30,1.959413,1.796886,-19.286483500000003,15.7,18.0,2.49,0.15109137671421577,,95.4158,913.4,1572.5,4416.5,0,132570,174.1
2000-12-31,2.253173,2.063269,-15.8300561,29.3,6.0,6.17,0.14098956139901708,,95.1619,913.5,1587.7,4444.5,0,132722,174.0
2001-01-31,2.477374,2.283338,-22.0114861,18.6,3.0,2.14,0.1259554632562967,,94.5502,916.5,1582.1,4478.4,0,132712,175.1
2001-02-28,3.197379,2.93867,-6.789352,6.5,8.0,0.55,0.10990225397300384,,93.9755,938.9,1574.9,4482.0,0,132804,175.8
2001-03-31,2.931562,2.719046,-0.6482098000000001,5.0,9.0,2.88,0.1019225097989988,,93.7253,925.1,1560.3,4502.5,0,132761,176.2
2001-04-30,2.52033,2.354128,-3.8904263,11.3,2.0,1.75,0.08600010940006618,,93.4567,908.3,1582.1,4510.8,1,132475,176.9
2001-05-31,2.082301,2.187393,-4.1302561,25.4,9.0,-0.2,0.08273517977328176,,92.8842,916.0,1603.0,4528.1,1,132426,177.7
2001-06-30,2.485486,2.576188,-7.3399516,10.1,14.0,0.4,0.0902844967742192,,92.3317,934.1,1586.8,4539.8,1,132312,178.0
2001-07-31,2.335609,2.451426,-2.1652368,14.4,8.0,0.59,0.08784276109581933,,91.8098,925.0,1592.0,4555.2,1,132187,177.5
2001-08-31,2.339884,2.490936,2.87673976,8.1,4.0,-0.49,0.08230661142571116,,91.6849,942.5,1590.2,4576.2,1,132043,177.5
2001-09-30,2.323466,2.335027,11.1033896,,0.0,-0.87,0.08106006232794695,,91.3345,904.1,1591.9,4516.8,1,131791,178.3
2001-10-31,1.902213,2.103521,4.59176709,14.8,7.0,-0.25,0.08114648178489195,,90.9389,1035.1,1592.0,4581.4,1,131468,177.7
2001-11-30,1.19068,1.389148,-1.4500393,15.3,10.0,1.97,0.08006729457912067,,90.4853,997.0,1580.6,4590.3,1,131158,177.4
2001-12-31,0.9678661,1.105722,-3.1115029,17.3,10.0,3.58,0.08654311571104183,,90.515,955.6,1573.1,4619.0,0,130997,176.7
2002-01-31,1.599227,1.353187,-0.44504619999999995,7.8,3.0,1.01,0.0934880322807974,,91.0881,970.7,1578.6,4625.0,0,130868,177.1
2002-02-28,0.8481948,0.6709366,5.78573166,19.8,5.0,1.18,0.09425766332638817,,91.0698,983.2,1584.5,4650.7,0,130752,177.8
2002-03-31,0.5023572,0.3558867,1.31332048,7.2,7.0,0.17,0.09513305575748796,,91.8012,974.9,1593.8,4668.5,0,130732,178.8
2002-04-30,0.5399799,0.4568599,12.194843689999999,8.8,7.0,-0.09,0.09768622317536799,,92.1815,1001.5,1607.3,4696.6,0,130636,179.8
2002-05-31,0.4247847,0.4108474,14.08189124,8.9,15.0,1.63,0.10130460114362792,,92.5668,962.7,1602.6,4717.5,0,130647,179.8
2002-06-30,0.3859135,0.4446178,13.839211409999999,6.2,11.0,1.06,0.09755820217295791,,93.4503,968.0,1618.7,4731.5,0,130695,179.9
2002-07-31,-0.1025522,-0.0028234,17.0054344,2.9,6.0,3.4,0.0967289225481172,,93.2282,1001.6,1617.5,4761.2,0,130604,180.1
2002-08-31,-0.1589165,-0.120267,16.79597927,,0.0,0.79,0.09435077482105288,,93.227,1019.7,1616.3,4765.5,0,130603,180.7
2002-09-30,-0.7397667,-0.5969905,17.128043860000002,,0.0,3.88,0.09316757114943688,,93.3597,983.9,1616.4,4790.7,0,130524,181.0
2002-10-31,-0.5678717,-0.4512455,13.960107599999999,1.9,8.0,4.26,0.09093294023118328,,93.0804,969.9,1634.8,4826.0,0,130643,181.3
2002-11-30,-0.3757227,-0.2720179,8.68239058,6.7,8.0,3.78,0.08973683231489853,,93.5589,978.5,1645.0,4836.2,0,130632,181.3
2002-12-31,-0.4090234,-0.3608463,12.00648019,14.6,3.0,6.09,0.08222683691559454,,93.1088,1009.9,1645.8,4857.2,0,130488,180.9
2003-01-31,-0.3498021,-0.3643521,10.489459499999999,,0.0,4.21,0.07567538344077936,,93.6494,982.6,1667.1,4883.4,0,130596,181.7
2003-02-28,-0.4173222,-0.5355638,9.63803104,-2.0,4.0,4.55,0.07383462583947224,,93.9475,956.4,1687.0,4892.5,0,130461,183.1
2003-03-31,-0.2418781,-0.3907808,9.477545410000001,-0.6,1.0,4.09,0.06857572618523931,,93.735,984.6,1694.3,4919.4,0,130246,184.2
2003-04-30,-0.6085005,-0.6985596,6.57232121,,0.0,3.91,0.06609513899884639,,93.0815,1003.9,1676.2,4940.9,0,130194,183.8
2003-05-31,-0.625739,-0.7330445,1.4345934200000001,15.7,2.0,1.89,0.06335178205312901,,93.1002,1005.7,1653.0,4969.5,0,130210,183.5
2003-06-30,-0.4529063,-0.6647335,0.3200215,25.6,1.0,-0.04,0.061210050514132516,,93.2544,1013.9,1681.0,4983.7,0,130209,183.7
2003-07-31,-0.6904662,-0.8596501,-2.7178252,22.5,8.0,2.04,0.06232608201792574,,93.6579,1024.9,1696.8,5016.5,0,130207,183.9
2003-08-31,-0.7701656,-0.9416963,-4.6022985,17.6,4.0,4.44,0.06513798828300209,,93.5162,1059.3,1733.1,5042.2,0,130167,184.6
2003-09-30,-0.6080035,-0.8003353,-3.5918050999999998,11.8,7.0,1.19,0.06903057868916422,,94.0695,1041.1,1743.6,5050.3,0,130279,185.2
2003-10-31,-0.4373662,-0.7266217,0.71581633,14.1,10.0,0.91,0.06837706615479898,,94.2091,1036.2,1730.0,5079.5,0,130473,185.0
2003-11-30,-0.411771,-0.6450797,-0.515502,9.0,16.0,2.06,0.07113505759247353,,94.937,1053.5,1746.1,5100.0,0,130490,184.5
2003-12-31,-0.6446413,-0.8169837,-0.0503947,9.3,23.0,4.0,0.07450605115174642,,94.8627,1051.5,1749.5,5128.2,0,130605,184.3
2004-01-31,-0.4342062,-0.6501811,-1.4943183,28.0,4.0,1.44,0.07762647735156838,,95.1113,1048.1,1775.3,5164.0,0,130787,185.2
2004-02-29,-0.3281363,-0.5215334,-0.4291377,14.9,17.0,-1.36,0.08482618511574429,,95.6793,1065.2,1764.8,5189.8,0,130844,186.2
2004-03-31,-0.3615075,-0.587418,-1.3201694,5.4,13.0,0.69,0.09009931263482487,,95.2063,1079.4,1796.9,5199.7,0,131156,187.4
2004-04-30,-0.2606197,-0.4607043,-6.1688753,25.0,11.0,-0.25,0.09104864353924265,,95.6346,1062.8,1788.1,5237.7,0,131426,188.0
2004-05-31,-0.2711004,-0.4570509,-7.5042335,9.2,14.0,3.11,0.09523207261144145,,96.3952,1091.5,1810.0,5261.7,0,131710,189.1
2004-06-30,-0.170792,-0.3912553,-7.207269299999999,9.7,26.0,2.96,0.09110756085250306,,95.6045,1043.6,1810.9,5292.7,0,131807,189.7
2004-07-31,0.0899621,-0.1320261,-2.3571575,5.2,26.0,1.72,0.08943683818580118,,96.3379,1076.9,1815.1,5326.9,0,131864,189.4
2004-08-31,0.2173395,0.0144137,-1.2491069000000001,0.5,16.0,0.31,0.08666147148218319,,96.4107,1079.0,1825.1,5349.0,0,131955,189.5
2004-09-30,0.1435345,-0.034059,-3.3667282,12.8,15.0,0.92,0.0823262550617413,,96.4943,1099.3,1838.7,5383.1,0,132112,189.9
2004-10-31,0.1926626,-0.0294413,-5.2406699,14.9,28.0,-0.23,0.08345031842229947,,97.4107,1098.6,1868.0,5407.9,0,132466,190.9
2004-11-30,0.2146356,-0.0303624,-8.293508,18.6,15.0,0.42,0.07804930001796691,,97.6207,1099.9,1880.6,5440.1,0,132521,191.0
2004-12-31,0.1812333,-0.0394603,-11.0790966,15.6,28.0,-0.1,0.07692716394342371,,98.3284,1122.6,1883.8,5475.1,0,132644,190.3
2005-01-31,0.2384157,0.0455822,-8.4201146,12.2,8.0,-0.8,0.07185776297072148,,98.7904,1096.4,1886.1,5487.7,0,132791,190.7
2005-02-28,0.1517219,0.0011541,-6.0791317,5.6,26.0,0.38,0.06759550424008115,,99.455,1113.2,1897.2,5518.8,0,133050,191.8
2005-03-31,0.0706481,-0.0197399,-6.836514200000001,16.5,7.0,0.59,0.06263292535855497,,99.3156,1120.2,1892.7,5556.5,0,133172,193.3
2005-04-30,0.2450941,0.032043,-5.5005752,6.2,7.0,2.95,0.059706451706104995,,99.4648,1142.8,1922.4,5580.4,0,133536,194.6
2005-05-31,0.2407276,0.0367144,-9.050507000000001,5.4,13.0,3.17,0.05487885197426693,,99.597,1116.4,1913.3,5614.1,0,133706,194.4
2005-06-30,0.1542495,0.0298624,-10.722052399999999,7.9,21.0,2.84,0.05601285137424745,,99.9838,1154.6,1922.7,5647.5,0,133957,194.5
2005-07-31,0.0518129,-0.1687873,-12.419719599999999,15.3,17.0,3.06,0.05386916572396679,,99.6737,1202.2,1947.3,5680.0,0,134314,195.4
2005-08-31,0.1692788,-0.140507,-11.2243113,10.4,30.0,1.56,0.054138889125394135,,99.9451,1139.5,1984.4,5708.5,0,134517,196.4
2005-09-30,0.3450445,-0.0772636,-10.5371974,4.5,17.0,1.78,0.057066784422340415,,98.0824,1113.8,2026.4,5745.7,0,134583,198.8
2005-10-31,0.3704325,-0.0484743,-11.4230183,13.2,12.0,1.87,0.05434973219352763,,99.3185,1099.6,2051.7,5775.2,0,134673,199.2
2005-11-30,0.2701635,-0.0066289,-11.7211069,20.8,18.0,3.28,0.05362917099802773,,100.3282,1116.4,2003.3,5818.7,0,135012,197.6
2005-12-31,0.3537202,0.0641679,-11.8730297,6.2,18.0,3.53,0.05107120812176443,,100.9458,1128.2,2004.2,5837.3,0,135168,196.8
2006-01-31,0.353995,-0.0059181,-14.9550425,18.7,14.0,3.49,0.051705873071923904,,101.0637,1167.9,2041.8,5850.1,0,135446,198.3
2006-02-28,0.2829801,-0.0908002,-14.873598800000002,9.5,19.0,3.27,0.04763723109213818,,101.0761,1143.5,2047.9,5898.7,0,135753,198.7
2006-03-31,0.2293473,-0.1178864,-16.1808722,12.8,9.0,4.69,0.0485100630191151,,101.2742,1151.0,2038.4,5932.6,0,136063,199.8
2006-04-30,0.1708806,-0.1689068,-15.640470800000001,6.3,12.0,4.71,0.049085788953110734,,101.6854,1151.0,2072.1,5951.7,0,136221,201.5
2006-05-31,0.3575624,-0.0334323,-11.697532200000001,7.0,15.0,3.77,0.05072925108269699,,101.5801,1147.2,2076.1,5991.8,0,136261,202.5
2006-06-30,0.3985883,0.0349862,-10.7275728,8.2,21.0,3.16,0.048913866486761944,,101.9746,1149.5,2082.3,6009.0,0,136342,202.9
2006-07-31,0.4651835,0.1207409,-7.5949109,0.4,10.0,2.62,0.050392837046828586,,101.9374,1168.7,2116.8,6037.1,0,136538,203.5
2006-08-31,0.5028629,0.133586,-9.7407195,10.0,7.0,1.27,0.04826567039280214,,102.3309,1146.0,2123.0,6052.8,0,136713,203.9
2006-09-30,0.333575,0.1501119,-9.8859844,15.6,14.0,-0.16,0.04486091007428191,,102.1204,1166.9,2098.9,6088.9,0,136860,202.9
2006-10-31,0.300631,0.1505988,-12.3128934,16.6,22.0,0.66,0.045422195332887313,,102.0653,1168.3,2083.1,6121.8,0,136870,201.8
2006-11-30,0.4778222,0.2246197,-13.6672257,10.5,29.0,-0.37,0.04902585698265765,,101.9538,1164.4,2072.0,6143.8,0,137082,201.5
2006-12-31,0.5309572,0.2159252,-13.026553,20.4,29.0,-0.34,0.04888769278610537,,103.026,1175.5,2123.4,6170.0,0,137268,201.8
2007-01-31,0.4828748,0.2804499,-13.2409149,11.8,9.0,0.25,0.05167471854508201,,102.4915,1183.5,2116.2,6216.7,0,137493,202.416
2007-02-28,0.6963169,0.4849325,-13.1926341,17.2,23.0,-4.09,0.05367759903471455,,103.5443,1175.1,2120.9,6250.8,0,137573,203.499
2007-03-31,0.8416971,0.5463288,-13.732783000000001,10.1,21.0,-4.39,0.053733981825731136,,103.7537,1178.5,2150.2,6256.5,0,137810,205.352
2007-04-30,0.8662221,0.6012499,-7.1795524,8.4,13.0,-6.02,0.05483464895777722,,104.5018,1181.2,2151.0,6283.4,0,137860,206.686
2007-05-31,0.6224846,0.3326814,-7.4715666,5.2,28.0,-1.72,0.055582762376314106,,104.5419,1197.7,2170.3,6283.3,0,138012,207.949
2007-06-30,0.6888437,0.3487204,-8.2200741,17.4,20.0,-2.71,0.058010737790493996,,104.5669,1178.2,2177.0,6312.1,0,138088,208.352
2007-07-31,0.6052637,0.2578031,-7.966353,12.1,19.0,-2.82,0.057510958754463895,,104.5217,1180.7,2194.8,6334.1,0,138055,208.299
2007-08-31,0.3765117,0.1842653,-8.8042244,14.8,17.0,0.47,0.059703120111955436,,104.7387,1192.4,2174.6,6387.0,0,138032,207.917
2007-09-30,0.3383917,0.1293005,-9.608593299999999,56.0,5.0,2.1,0.060791579550982404,,105.1499,1202.6,2195.1,6400.3,0,138114,208.49
2007-10-31,0.3536657,0.1282348,-11.5029193,25.9,23.0,3.96,0.06254036049479807,,104.7167,1209.0,2196.9,6421.1,0,138190,208.936
2007-11-30,0.4153967,0.1221424,-8.9738247,12.0,39.0,4.9,0.06773748200683805,,105.3037,1197.7,2245.0,6455.1,0,138299,210.177
2007-12-31,0.4169228,0.092505,-8.5302366,18.0,23.0,6.16,0.07688891968729086,,105.353,1180.0,2255.9,6472.5,0,138409,210.036
2008-01-31,0.4137831,0.2216436,-4.8764106,21.2,13.0,3.19,0.08424678107477979,,105.073,1168.4,2252.6,6509.0,1,138422,211.08
2008-02-29,0.1494982,0.2677604,-4.2665489,-3.7,6.0,2.25,0.09013802594553846,,104.7137,1148.4,2238.4,6526.6,1,138340,211.693
2008-03-31,0.0825215,0.1990785,-3.6752832,16.7,3.0,3.71,0.09603990341747924,,104.4635,1143.7,2267.6,6548.1,1,138292,213.528
2008-04-30,0.012696,0.0982953,4.59679278,26.7,5.0,1.93,0.10798873879691091,,103.6727,1139.1,2276.2,6581.6,1,138056,214.823
2008-05-31,-0.0651068,0.0492064,2.51347285,-1.1,6.0,2.72,0.12576067919375428,,103.085,1143.7,2300.6,6609.5,1,137872,216.632
2008-06-30,-0.0079229,0.0425942,2.90127686,-7.4,3.0,3.49,0.14015405559097724,,102.8361,1130.4,2340.6,6636.9,1,137706,218.815
2008-07-31,0.0144849,0.0203082,1.4268538100000001,8.9,4.0,4.06,0.15623002372326536,,102.2939,1100.0,2356.3,6648.5,1,137508,219.964
2008-08-31,0.0850879,0.0465585,1.6908159999999999,-19.9,3.0,3.88,0.16746668620912877,,100.7209,1114.3,2336.8,6643.5,1,137229,219.086
2008-09-30,-0.083872,-0.2129947,5.8701108,,0.0,11.21,0.19500103850420042,,96.3567,1073.2,2303.1,6667.2,1,136769,218.783
2008-10-31,-0.224416,-0.1971482,7.30186112,,0.0,12.25,0.22478937914043043,,97.2844,1026.6,2262.9,6670.8,1,136288,216.573
2008-11-30,-0.763234,-0.5648913,10.17782145,-1.2,1.0,18.23,0.23165368202199138,,96.0552,1002.4,2153.0,6665.3,1,135561,212.425
2008-12-31,-0.674186,-0.4638503,9.12362771,,0.0,14.58,0.21642884503881826,,93.252,995.0,2085.3,6650.4,1,134857,210.228
2009-01-31,-0.5366564,-0.4630483,7.26388143,,1.0,11.76,0.20313351559003762,,91.0332,1023.0,2110.3,6650.5,1,134074,211.143
2009-02-28,-0.7024876,-0.6632217,4.25522342,10.1,2.0,15.29,0.19329284920883025,,90.4375,1006.2,2130.2,6629.7,1,133332,212.193
2009-03-31,-0.7260274,-0.6643922,6.22290809,,2.0,14.97,0.1833914146686152,,89.0085,984.2,2106.2,6628.1,1,132529,212.709
2009-04-30,-0.8874705,-0.815724,0.8074045700000001,22.6,6.0,13.85,0.18539238003265043,,88.2959,978.8,2119.6,6626.4,1,131835,213.24
2009-05-31,-0.8274037,-0.7287624,1.25446459,27.5,4.0,14.28,0.22425568497961343,,87.4078,998.9,2131.7,6618.4,1,131491,213.856
2009-06-30,-0.827176,-0.7249392,-0.9362556,23.3,8.0,14.02,0.23426457314151353,,87.0694,1006.4,2168.1,6632.5,1,131026,215.693
2009-07-31,-0.5635224,-0.5269243,-2.3782619,,4.0,10.38,0.2222427907131416,,88.0285,1020.8,2175.0,6645.9,0,130685,215.351
2009-08-31,-0.35492,-0.5662601,-2.3097008,6.2,5.0,11.07,0.2254212279350338,,89.0244,1089.1,2197.9,6674.1,0,130501,215.834
2009-09-30,-0.5401903,-0.6380435,-2.3663773999999997,13.8,12.0,9.22,0.20772845631172673,,89.6975,995.4,2207.2,6680.8,0,130259,215.969
2009-10-31,-0.5640685,-0.8109843,0.37759028,0.3,13.0,10.96,0.18868758330875393,,89.9906,1003.6,2218.8,6709.5,0,130061,216.177
2009-11-30,-0.5733303,-0.9022906,0.18287963000000002,12.2,11.0,11.25,0.17825729772657975,,90.3515,1017.4,2219.7,6703.4,0,130073,216.33
2009-12-31,-0.6780831,-0.8418318,-2.6387091000000003,1.8,7.0,10.05,0.23085142911269507,,90.6212,1021.6,2230.2,6747.1,0,129804,215.949
2010-01-31,-0.7978581,-0.822113,-1.5790096,-3.5,12.0,8.47,0.24306303817285996,,91.6849,1006.1,2241.5,6754.2,0,129807,216.687
2010-02-28,-0.8043953,-0.746056,-2.5149089,0.9,8.0,10.03,0.25409023068262154,,92.0073,1005.2,2246.6,6778.8,0,129715,216.741
2010-03-31,-0.8939431,-0.7533675,-3.8473159,12.5,15.0,8.87,0.268890539103862,,92.6104,1052.0,2247.2,6789.9,0,129895,217.631
2010-04-30,-0.6935843,-0.5395849,-6.4607495,2.1,16.0,7.62,0.2724711220484182,,92.96,1046.0,2257.0,6809.9,0,130132,218.009
2010-05-31,-0.7908825,-0.5156592,-7.276561300000001,8.3,14.0,8.99,0.23587937245610066,,94.2988,1041.7,2241.3,6848.1,0,130666,218.178
2010-06-30,-0.6330314,-0.2767138,-6.301411699999999,6.9,15.0,7.71,0.2305439479981428,,94.4319,1044.1,2243.7,6863.6,0,130530,217.965
2010-07-31,-0.6372957,-0.2863761,-5.7303809999999995,12.3,15.0,8.75,0.23526385186262497,,94.836,1047.5,2246.2,6891.0,0,130442,218.011
2010-08-31,-0.4681431,-0.204588,-5.0559978999999995,14.1,16.0,7.99,0.22927113060208848,,95.1423,1053.7,2262.2,6912.3,0,130437,218.312
2010-09-30,-0.2994936,-0.2005801,-7.1756896,11.5,15.0,7.51,0.21256278453067542,,95.35,1056.1,2279.7,6913.2,0,130373,218.439
2010-10-31,-0.3917551,-0.323063,-9.823785,11.6,25.0,7.28,0.206609774629668,,95.0991,1079.2,2297.9,6927.6,0,130642,218.711
2010-11-30,-0.386886,-0.3706475,-10.1177303,10.5,26.0,9.11,0.2062958890136379,,95.1376,1077.5,2323.4,6953.8,0,130765,218.803
2010-12-31,-0.2242614,-0.3619741,-10.4540035,8.7,20.0,9.58,0.1576401402634809,,96.0339,1078.7,2339.8,6973.7,0,130839,219.179
2011-01-31,-0.0697939,-0.3547373,-6.182248550775005,15.1,16.0,7.6860454545454555,0.15292631285255595,,95.9363,1085.0,2365.4,6985.1,0,130859,220.223
2011-02-28,0.0386637,-0.2944687,-6.422328411932243,8.4,21.0,6.894590909090908,0.14848621346685964,,95.5147,1083.8,2373.5,7012.9,0,131072,221.309
2011-03-31,0.0759552,-0.2436827,-6.601636196601179,11.7,13.0,7.120136363636362,0.15928712160071504,,96.4651,1095.0,2404.4,7051.0,0,131304,223.467
2011-04-30,0.1474355,-0.2471322,-5.986471425526424,16.8,22.0,7.9430454545454525,0.15285089237431063,,96.1325,1090.9,2430.4,7066.3,0,131625,224.906
2011-05-31,0.3841878,-0.1063797,-6.186939474058578,14.1,29.0,5.375636363636364,0.14679896361498698,,96.3347,1081.2,2425.1,7105.7,0,131720,225.964
2011-06-30,0.3165358,-0.1911272,-5.303108791267302,8.8,18.0,6.0815,0.14468243070991865,,96.5889,1076.6,2439.2,7121.0,0,131955,225.722
2011-07-31,0.2729045,-0.2090985,-7.319773727937168,27.6,17.0,6.639136363636364,0.14362849360378305,,97.1011,1085.7,2430.5,7161.2,0,132016,225.922
2011-08-31,0.294546,-0.2182722,-5.182928674737431,30.0,5.0,6.527045454545455,0.1395041564643547,,97.6642,1085.2,2433.8,7181.5,0,132138,226.545
2011-09-30,0.2771688,-0.1510103,-4.158024540178051,,3.0,5.918090909090908,0.1388245961049148,,97.6132,1101.3,2446.7,7190.0,0,132374,226.889
2011-10-31,0.173925,-0.1577052,-6.2609036529168325,17.9,8.0,7.863434782608696,0.13811119658743928,,98.2931,1114.4,2446.9,7191.9,0,132578,226.421
2011-11-30,0.0485669,-0.2996023,-4.656329171911572,8.7,18.0,10.908000000000001,0.13060293679589416,,98.2325,1107.9,2454.7,7196.9,0,132710,226.23
2011-12-31,0.0085686,-0.3320956,-4.180022905181058,1.8,10.0,11.709043478260869,0.1290648927623828,,98.7699,1114.9,2444.8,7212.4,0,132914,225.672
2012-01-31,-0.1333913,-0.3896362,-5.368142072090121,9.1,6.0,10.705285714285713,0.1275570023449192,,99.3672,1130.4,2470.0,7261.7,0,133269,226.665
2012-02-29,-0.100394,-0.3230452,-7.857692612121225,20.0,20.0,9.20042857142857,0.1247034425309072,,99.6443,1145.9,2501.3,7306.2,0,133531,227.663
2012-03-31,0.0211949,-0.32679,-9.331743107054342,24.6,24.0,9.477,0.1129127438347206,,99.1594,1138.0,2500.5,7313.2,0,133769,229.392
2012-04-30,-0.0851224,-0.3205469,-5.666584579900186,17.8,20.0,9.556761904761904,0.11191233835360807,,99.9173,1137.4,2500.7,7341.7,0,133852,230.085
2012-05-31,-0.0806192,-0.3001382,-5.368958441481925,14.9,13.0,9.228666666666665,0.11853663883986636,,100.0956,1133.4,2486.6,7348.6,0,133951,229.815
2012-06-30,-0.2266788,-0.4327835,-4.270598504784385,12.3,8.0,11.271714285714287,0.10974573146354812,,100.0478,1129.9,2461.2,7355.2,0,134023,229.478
2012-07-31,-0.0783843,-0.2989217,-3.8629719158006113,15.9,19.0,10.096749999999997,0.10921992485622523,,100.3144,1134.7,2460.3,7382.2,0,134176,229.104
2012-08-31,0.0279072,-0.3129841,-6.453062159143591,14.9,11.0,9.405549999999998,0.11476167861113272,,99.9036,1138.4,2498.5,7367.1,0,134346,230.379
2012-09-30,-0.000769,-0.3020117,-7.0411165148013595,29.6,10.0,8.893600000000001,0.11833222852040748,,99.8944,1151.9,2511.6,7398.0,0,134535,231.407
2012-10-31,0.0950318,-0.2371628,-5.0473034814481395,14.2,28.0,9.50745,0.12056800703747836,,100.1192,1141.2,2524.4,7434.3,0,134693,231.317
2012-11-30,-0.1316956,-0.3646638,-5.647741871803014,2.4,12.0,11.240950000000002,0.11716279879489953,,100.61,1169.4,2509.9,7457.5,0,134851,230.221
2012-12-31,-0.2071169,-0.4237037,-6.188098225791999,24.2,8.0,12.1792,0.11649801540034671,,100.9267,1180.1,2497.2,7463.1,0,135088,229.601
2013-01-31,-0.0322312,-0.3125606,0.7778085847973959,17.8,13.0,10.415650000000003,0.11732370221806075,,100.8779,1192.6,2541.3,7469.0,0,135283,230.28
2013-02-28,0.1276547,-0.184826,0.9119952588447777,32.3,10.0,9.49975,0.11941539198182455,,101.4265,1193.2,2557.5,7488.9,0,135562,232.166
2013-03-31,0.0722985,-0.1173066,-0.15519794838579903,13.9,17.0,9.484549999999997,0.11940105810797581,,101.8186,1180.5,2529.7,7516.8,0,135698,232.773
2013-04-30,0.0019939,-0.2178929,1.1461646855034757,13.6,16.0,9.434149999999999,0.11952338874846735,,101.695,1182.3,2504.3,7518.7,0,135890,232.531
2013-05-31,0.080449,-0.165138,-1.704284753766816,17.0,31.0,8.699349999999999,0.11918863323624637,,101.7517,1187.1,2517.7,7539.8,0,136114,232.945
2013-06-30,0.1422592,-0.1029724,-2.568293888410611,19.3,25.0,7.6357,0.12542770813768322,,101.9486,1186.9,2519.6,7562.3,0,136295,233.504
2013-07-31,0.1284177,-0.1957801,-4.252209996588697,19.3,23.0,8.74175,0.12399315347756801,,101.446,1190.8,2538.0,7567.9,0,136400,233.596
2013-08-31,0.0828409,-0.1081459,-5.019167660353019,20.7,16.0,8.2327,0.12302368445875651,,102.1758,1187.7,2538.4,7603.1,0,136642,233.877
2013-09-30,0.08517,-0.0782529,-7.555064308138415,30.1,24.0,8.909099999999999,0.12157027684480635,,102.6774,1188.3,2547.8,7630.8,0,136831,234.149
2013-10-31,0.0342213,-0.1250525,-4.613193494990464,25.1,33.0,8.85675,0.12614145409729272,,102.5438,1191.4,2552.3,7676.1,0,137056,233.546
2013-11-30,-0.0247444,-0.177023,-5.973425350227679,20.8,31.0,10.893199999999997,0.12855115877885867,,102.8625,1201.7,2563.5,7722.5,0,137323,233.069
2013-12-31,0.0973709,-0.0675157,-6.686336796960168,24.1,13.0,9.468300000000001,0.12866286369985092,,103.1747,1190.4,2576.6,7751.0,0,137390,233.049
2014-01-31,-0.0932323,-0.2611465,-10.923985155865946,27.6,19.0,9.874049999999999,0.1292236431875037,,102.7053,1174.3,2576.5,7761.7,0,137567,233.916
2014-02-28,-0.0793222,-0.2220947,-13.056722641630925,9.4,23.0,9.55695,0.1269698584913771,,103.6016,1199.9,2592.7,7773.6,0,137735,234.781
2014-03-31,-0.0781646,-0.2191752,-9.747051592962308,28.8,32.0,9.6857,0.12156885485435943,,104.5893,1233.6,2587.4,7822.0,0,137985,236.293
2014-04-30,-0.0819558,-0.2354833,-3.9114944383120687,10.4,28.0,9.3562,0.12301077756829056,,104.7423,1228.1,2620.4,7854.2,0,138312,237.072
2014-05-31,-0.0650901,-0.1799022,-4.735692240830036,10.5,23.0,9.763200000000001,0.11893674076657892,,105.0571,1239.3,2613.7,7895.4,0,138533,237.9
2014-06-30,-0.0223867,-0.1384224,-6.7323505127296235,13.3,32.0,9.83285,0.11842864384648225,,105.4084,1251.5,2629.6,7935.9,0,138857,238.343
2014-07-31,0.0659559,-0.0029332,-5.338892787395178,12.3,37.0,8.369049999999998,0.12083855955457298,,105.5609,1246.5,2639.7,7974.4,0,139084,238.25
2014-08-31,0.0132341,-0.0422071,-6.44850522344087,11.4,14.0,9.89905,0.11696791240652561,,105.4797,1257.8,2649.8,8036.7,0,139272,237.852
2014-09-30,0.0745862,0.016292,-5.558595431326896,22.2,17.0,10.365850000000002,0.11954049773114457,,105.7908,1264.8,2630.2,8062.4,0,139583,238.031
2014-10-31,-0.036843,-0.079387,-6.079917050718731,5.2,36.0,11.379099999999998,0.11441078778480956,,105.8154,1264.9,2644.8,8113.3,0,139841,237.433
2014-11-30,0.0100897,-0.0166996,-4.538329450445822,15.7,28.0,11.21315,0.11214529183946982,,106.663,1272.9,2634.7,8143.8,0,140127,236.151
2014-12-31,0.0579681,0.0346984,-4.767161187693681,23.6,16.0,10.59895,0.10932075247239588,,106.5032,1274.7,2610.4,8176.9,0,140396,234.812
2015-01-31,0.0874798,0.1628818,-6.584566653325519,30.1,14.0,10.507150000000001,0.11116198374024477,,105.8772,1275.1,2564.3,8206.6,0,140609,233.707
2015-02-28,0.1524253,0.209563,-7.795946266955589,-6.0,12.0,9.906099999999999,0.11768040207515695,,105.4193,1266.8,2569.4,8246.2,0,140857,234.722
2015-03-31,0.1805792,0.1571371,-9.94459620367234,4.5,10.0,9.096055555555555,0.12179608105191261,,105.0856,1302.4,2599.4,8256.5,0,140934,236.119
2015-04-30,-0.0068851,-0.0346946,-6.61031848634106,30.3,17.0,9.189888888888888,0.1175786317247746,,104.5604,1303.7,2587.6,8302.5,0,141234,236.599
2015-05-31,0.1011483,-0.0121271,-7.990139482141534,6.3,23.0,8.777111111111111,0.11276444369454873,,104.0675,1311.0,2622.7,8334.4,0,141553,237.805
2015-06-30,0.1817596,0.0365164,-10.158420629335762,29.3,30.0,8.49561111111111,0.11289308625803333,,103.6891,1310.1,2633.0,8365.2,0,141723,238.638
2015-07-31,0.0134235,-0.1333562,-10.237569061894103,24.6,23.0,10.665833333333333,0.10735709279152637,,104.2443,1315.0,2649.3,8391.1,0,142016,238.654
2015-08-31,-0.0096571,-0.1431878,-10.536150386886966,19.4,10.0,11.24611111111111,0.11067798644827402,,104.1318,1322.4,2644.8,8426.9,0,142138,238.316
2015-09-30,-0.1238401,-0.2404326,-8.45138979000264,38.0,7.0,12.256999999999998,0.10630637937662181,,103.7281,1314.3,2624.5,8454.0,0,142271,237.945
2015-10-31,-0.1432489,-0.3028795,-8.945330979881627,3.6,20.0,12.163944444444443,0.10372764271880949,,103.3569,1310.2,2615.4,8490.5,0,142610,237.838
2015-11-30,-0.1253181,-0.3807639,-10.47588844591385,13.3,14.0,12.30238888888889,0.10320140196168247,,102.7323,1326.7,2623.7,8499.7,0,142845,237.336
2015-12-31,-0.0884614,-0.353638,-9.827330434476222,32.3,2.0,11.453555555555555,0.10261772308718596,,102.2696,1321.1,2623.3,8524.7,0,143125,236.525
2016-01-31,-0.2082997,-0.4240164,-6.879825868697997,,0.0,13.752387222222223,0.10269131922446369,,103.0314,1315.8,2612.2,8554.1,0,143215,236.916
2016-02-29,-0.224195,-0.4061095,-5.665275011774118,-4.3,5.0,13.48395388888889,0.09377819372952738,,102.3429,1333.7,2604.8,8611.7,0,143447,237.111
2016-03-31,-0.1636323,-0.3661306,-5.764960702664079,-2.5,4.0,12.638553888888888,0.08756713554987212,,101.5415,1321.7,2608.4,8617.1,0,143681,238.132
2016-04-30,-0.1955041,-0.3691118,-1.0935927946708057,7.0,8.0,11.102526666666666,0.08748946832291674,,101.7479,1329.5,2638.0,8678.6,0,143892,239.261
2016-05-31,-0.2072197,-0.3389331,-3.1426551048687967,8.9,19.0,10.958626111111112,0.08615160061025949,,101.6011,1334.4,2650.3,8713.7,0,143907,240.229
2016-06-30,-0.1639827,-0.2787527,-1.4627356969055816,32.0,9.0,11.126721666666665,0.07889512134004124,,101.9476,1344.9,2673.8,8756.3,0,144189,241.018
2016-07-31,-0.1115952,-0.2007477,-3.9568708162947996,11.5,11.0,9.757448888888888,0.07976378768518838,,102.1435,1352.9,2647.0,8790.2,0,144525,240.628
2016-08-31,-0.0860485,-0.1986837,-4.628722812936337,3.0,8.0,10.074819444444445,0.07957264345131992,,102.0654,1355.1,2657.4,8829.3,0,144660,240.849
2016-09-30,-0.1744651,-0.3041568,-6.263985750361178,46.0,17.0,11.605399444444444,0.08479403931308312,,101.9304,1365.0,2664.4,8874.1,0,144930,241.428
2016-10-31,-0.1730049,-0.287723,-6.74448748421923,9.5,21.0,11.990013888888889,0.08488999002844079,,102.0557,1369.1,2672.2,8903.2,0,145058,241.729
2016-11-30,-0.1789415,-0.2310366,-6.284592278460721,-0.1,3.0,11.541565555555554,0.08736046324172217,,101.8293,1354.1,2674.4,8951.9,0,145228,241.353
2016-12-31,-0.2060358,-0.2452953,-5.383985710715599,9.9,8.0,11.47135277777778,0.08954231965978549,,102.7877,1383.0,2693.7,8966.6,0,145443,241.432
2017-01-31,-0.1380863,-0.3242687,-7.944450785452794,5.1,10.0,11.185080555555553,0.08608676367190118,,102.5393,1382.0,2722.3,8994.4,0,145695,242.839
2017-02-28,-0.0995957,-0.2871982,-8.125169298660817,1.9,8.0,10.222609444444442,0.08649206995819396,,102.1574,1364.4,2703.7,9016.3,0,145836,243.603
2017-03-31,-0.1503947,-0.2485551,-9.178966371440577,15.5,14.0,9.858719411764707,0.0880490840869767,,102.7236,1380.4,2718.4,9060.6,0,145963,243.801
2017-04-30,-0.2260275,-0.3340703,2.487445964619728,12.2,20.0,8.178590625,0.08692719531217065,,103.7148,1387.7,2729.6,9086.7,0,146176,244.524
2017-05-31,-0.1650151,-0.2477917,1.5998509495501079,3.4,19.0,7.82497,0.08895398435774828,,103.7121,1393.5,2719.1,9116.9,0,146304,244.733
2017-06-30,-0.2599578,-0.3433284,0.4677400337780635,9.5,23.0,8.352878749999999,0.08792471809426886,,103.771,1399.1,2722.4,9144.6,0,146533,244.955
2017-07-31,-0.2670674,-0.3641457,-0.25658133761991,28.3,15.0,9.274453124999999,0.08959456573569981,,103.6206,1408.6,2723.0,9160.5,0,146737,244.786
2017-08-31,-0.2368469,-0.4015786,-0.8525357720395643,-4.9,8.0,9.836926875000001,0.08538314218162847,,103.1956,1396.5,2757.0,9185.7,0,146924,245.519
2017-09-30,-0.0374164,-0.222597,-0.684680678692895,24.9,19.0,8.418036249999998,0.08156423307972986,,103.176,1428.5,2784.4,9233.1,0,146942,246.819
2017-10-31,-0.0747195,-0.1876367,-2.2555751493886667,36.5,22.0,8.45445625,0.08105994989481015,,104.7647,1438.7,2780.3,9286.6,0,147202,246.663
2017-11-30,-0.0626733,-0.1986635,-1.0151880155784943,9.2,32.0,9.1928175,0.07865054446285467,,105.2943,1453.2,2814.3,9331.0,0,147422,246.669
2017-12-31,-0.0388482,-0.1912443,-0.7039457550705785,7.2,12.0,8.196995625,0.07746039055107606,,105.7698,1445.3,2821.0,9367.4,0,147596,246.524
2018-01-31,0.0376989,-0.1113182,-4.670851864990421,27.6,20.0,7.835589374999998,0.07956011302802425,,105.4371,1437.6,2839.1,9386.0,0,147767,247.867
2018-02-28,0.132916,-0.0519433,-6.186443418093013,-2.9,19.0,6.889646875,0.0775226331534874,,105.9166,1418.5,2830.2,9397.2,0,148097,248.991
2018-03-31,0.1639958,-0.0132708,-6.891756160439366,22.7,17.0,7.0826875000000005,0.0766471080575391,,106.4488,1447.4,2830.3,9452.5,0,148279,249.554
2018-04-30,-0.0919298,-0.2826542,-3.0942615237745663,29.7,13.0,5.565164375,0.07430781617373673,,107.6624,1456.9,2848.1,9500.3,0,148475,250.546
2018-05-31,-0.0468461,-0.3047261,-4.287685560740151,10.4,23.0,6.383853125000001,0.07458387486890239,,106.7781,1460.4,2880.5,9539.7,0,148745,251.588
2018-06-30,-0.0917742,-0.2956845,-6.193886168483543,22.6,36.0,6.5902706250000005,0.07617345376776066,,107.4443,1458.9,2883.8,9598.4,0,149007,251.989
2018-07-31,-0.0549166,-0.2410729,-6.658086170043498,21.5,25.0,6.87407875,0.07644170587174043,,107.8948,1466.4,2900.1,9641.9,0,149185,252.006
2018-08-31,-0.1329653,-0.2370342,-9.61547746465017,11.4,15.0,7.1547462500000005,0.07831695627515271,,108.8232,1471.1,2906.8,9684.7,0,149467,252.146
2018-09-30,-0.2098428,-0.2942922,-8.565910192870053,26.1,24.0,7.452493125,0.08242772196022145,,109.02,1468.0,2901.5,9710.8,0,149575,252.439
2018-10-31,-0.1572199,-0.3195979,-7.08006813697849,21.3,27.0,11.01248375,0.07920135623134891,,109.3289,1473.1,2927.0,9773.0,0,149852,252.885
2018-11-30,-0.2327752,-0.3621018,-8.872946350160438,0.9,11.0,10.222251874999998,0.07970502783675719,,109.9836,1504.0,2938.1,9810.6,0,150048,252.038
2018-12-31,-0.2820873,-0.4099609,-8.784684714048009,-1.4,9.0,10.899226250000002,0.0810683513235561,,110.0826,1475.4,2882.6,9818.2,0,150275,251.233
