date,agg_liq,innov_liq,traded_liq
1962-08-31,-0.01753665,0.00426023,
1962-09-30,-0.00407476,0.01175717,
1962-10-31,-0.10421182,-0.0741278,
1962-11-30,-0.0197417,0.02857193,
1962-12-31,-0.00508932,0.01303725,
1963-01-31,-0.05579688,0.00992806,
1963-02-28,0.01440415,0.02554344,
1963-03-31,-0.02345353,-0.02017934,
1963-04-30,0.05413256,0.07845333,
1963-05-31,0.00354149,-0.01295515,
1963-06-30,0.00959259,0.00034782,
1963-07-31,0.01432622,0.02073508,
1963-08-31,0.03377117,0.03894505,
1963-09-30,-0.00754051,0.02034092,
1963-10-31,0.02680674,0.03269365,
1963-11-30,-0.05313628,-0.0598239,
1963-12-31,-0.02057456,0.01384531,
1964-01-31,-0.07136865,-0.05522603,
1964-02-29,-0.02474947,0.01310928,
1964-03-31,0.03138953,0.04168926,
1964-04-30,-0.04066632,-0.02743579,
1964-05-31,-0.02572531,-0.00604819,
1964-06-30,-0.05656731,-0.01058522,
1964-07-31,0.05819052,0.056119,
1964-08-31,-0.04851473,-0.04423397,
1964-09-30,-0.00816173,0.01321209,
1964-10-31,0.01293438,0.03819936,
1964-11-30,0.01488576,-0.00409924,
1964-12-31,-0.02673007,-0.01310561,
1965-01-31,0.03792484,0.07040682,
1965-02-28,-0.01642848,0.02177063,
1965-03-31,0.03397015,0.01750695,
1965-04-30,0.02236123,0.04106733,
1965-05-31,-0.01294328,0.03416844,
1965-06-30,-0.16340986,-0.11285885,
1965-07-31,-0.0809777,-0.04969833,
1965-08-31,-0.03474854,0.07147652,
1965-09-30,0.02700284,0.06113595,
1965-10-31,0.0061957,-0.02526034,
1965-11-30,0.04447103,0.06718164,
1965-12-31,0.04087982,0.02404056,
1966-01-31,0.03997342,0.02265434,
1966-02-28,0.03502076,0.04606175,
1966-03-31,-0.06624631,-0.06503657,
1966-04-30,0.02544957,0.05502647,
1966-05-31,-0.12120717,-0.07872599,
1966-06-30,-0.05336572,-0.01258475,
1966-07-31,-0.03300131,0.00690045,
1966-08-31,-0.1066685,-0.08649144,
1966-09-30,-0.08782498,-0.04527971,
1966-10-31,-0.20654128,-0.08514696,
1966-11-30,-0.05410496,0.04746479,
1966-12-31,-0.02167905,0.04354121,
1967-01-31,-0.0274085,0.01207982,
1967-02-28,-0.0725804,0.0144067,
1967-03-31,-0.00863176,0.03439735,
1967-04-30,-0.00152597,0.0188569,
1967-05-31,0.01392227,0.02423295,
1967-06-30,-0.06198466,-0.04843185,
1967-07-31,-0.02837509,0.01410713,
1967-08-31,0.02907304,0.06927702,
1967-09-30,0.02354394,0.03009158,
1967-10-31,-0.03053991,-0.04139511,
1967-11-30,-0.03066846,-0.01121177,
1967-12-31,0.00159134,0.03366738,
1968-01-31,-0.02152331,0.00218847,-0.02540564
1968-02-29,-0.03459893,-0.01898003,0.02213928
1968-03-31,-0.11694312,-0.08224146,0.00838539
1968-04-30,0.02245332,0.08741183,0.00504472
1968-05-31,-0.02061391,0.00915999,-0.01514423
1968-06-30,0.00822169,0.03293168,-0.00026051
1968-07-31,-0.01049623,0.00812572,-0.03551518
1968-08-31,-0.02019994,-0.00835085,0.00505116
1968-09-30,-0.00870728,0.01449588,0.01300449
1968-10-31,0.00660634,0.02635902,-0.00071775
1968-11-30,-0.00022576,0.01577502,-0.00615564
1968-12-31,-0.02857454,-0.01048903,0.01175393
1969-01-31,-0.03378834,-0.00746166,0.0226017
1969-02-28,-0.02503033,0.01100625,0.05643482
1969-03-31,-0.02256855,0.00649062,-0.01703415
1969-04-30,-0.01274491,0.00901991,0.01674071
1969-05-31,0.01158629,0.04595286,0.00647644
1969-06-30,-0.04735751,-0.03898224,0.05729539
1969-07-31,-0.12262451,-0.09145427,0.03244715
1969-08-31,-0.08789095,-0.04628087,-0.01348752
1969-09-30,0.01326256,0.08908592,0.0204174
1969-10-31,-0.06038219,-0.02637887,-0.0564257
1969-11-30,0.01656733,0.0403775,0.03169597
1969-12-31,-0.01985261,-0.02550906,0.02600825
1970-01-31,-0.11018564,-0.0672924,0.02194959
1970-02-28,-0.08139629,-0.01059508,-0.05988703
1970-03-31,-0.13845301,-0.06527396,0.00277473
1970-04-30,-0.09427155,-0.03056251,0.03971232
1970-05-31,-0.24058807,-0.19801369,-0.07777586
1970-06-30,-0.18762334,-0.13903036,-0.03616947
1970-07-31,-0.01379573,0.06215094,-0.00137115
1970-08-31,-0.06668893,0.00612991,0.00208282
1970-09-30,-0.06687556,-0.0146536,-0.01567859
1970-10-31,0.09627156,0.09583372,-0.01643634
1970-11-30,-0.05985976,-0.04611322,-0.00559368
1970-12-31,-0.07305842,-0.01492579,0.0499248
1971-01-31,0.01775836,0.04219694,-0.04014598
1971-02-28,-0.06448822,-0.03759379,-0.0176319
1971-03-31,0.03170128,0.06231096,0.0186374
1971-04-30,-0.00998386,0.00623843,0.02572797
1971-05-31,-0.01940864,-0.02614297,0.00384779
1971-06-30,-0.04414564,-0.01226135,-0.04189905
1971-07-31,-0.10142122,-0.03329859,-0.00583513
1971-08-31,-0.04506715,-0.00820472,0.0246999
1971-09-30,0.01980991,0.06000456,0.00327777
1971-10-31,-0.05637401,-0.01298837,0.0322038
1971-11-30,-0.09198767,-0.03768001,0.00706075
1971-12-31,0.00850009,0.04631837,-0.00224165
1972-01-31,-0.09412266,-0.08227379,-0.03669286
1972-02-29,-0.03060037,0.01702139,0.0096974
1972-03-31,-0.01137246,0.02372449,0.03382246
1972-04-30,-0.00295654,0.01783986,0.01401382
1972-05-31,-0.06445359,-0.04317672,-0.00251954
1972-06-30,0.006108,0.00315226,0.01461396
1972-07-31,-0.08959187,-0.0673358,0.01614596
1972-08-31,0.01435214,0.0219432,-0.02701586
1972-09-30,-0.01895737,0.0257007,-0.01634573
1972-10-31,-0.03986215,-0.02359949,-0.01902972
1972-11-30,-0.01686769,-0.03252137,-0.00816412
1972-12-31,-0.07355568,-0.03559123,0.00900269
1973-01-31,-0.05781599,-0.0279323,-0.01481267
1973-02-28,-0.04853245,0.02652919,-0.01084836
1973-03-31,-0.03054217,-0.01465186,-0.01272228
1973-04-30,-0.04049684,-0.01065414,0.02311953
1973-05-31,-0.11534552,-0.06494609,-0.00270427
1973-06-30,-0.20033228,-0.16597537,-0.03230874
1973-07-31,-0.0961258,-0.01061242,0.00247033
1973-08-31,-0.09691967,-0.02984502,0.01591954
1973-09-30,-0.12374937,-0.00519418,0.01708394
1973-10-31,-0.05408999,0.02152019,-0.04304216
1973-11-30,-0.30250782,-0.24126907,-0.02651634
1973-12-31,-0.13258622,-0.08207279,-0.01679927
1974-01-31,-0.16222705,-0.07069505,0.10075292
1974-02-28,-0.1208904,-0.05709616,0.03963822
1974-03-31,-0.0012885,0.1115185,0.0436155
1974-04-30,-0.04192028,-0.00061953,0.02164613
1974-05-31,-0.10176336,-0.08413003,0.06053269
1974-06-30,-0.06936954,-0.06555384,-0.00694888
1974-07-31,-0.23115673,-0.13709725,-0.00457639
1974-08-31,-0.1018596,-0.06543558,-0.03129645
1974-09-30,-0.11031084,-0.06914572,0.0228032
1974-10-31,-0.08565812,0.00514079,-0.0727949
1974-11-30,-0.08357406,0.03157549,-0.02532073
1974-12-31,-0.10467737,-0.04452108,0.0192895
1975-01-31,-0.11363563,-0.07797004,0.10876389
1975-02-28,-0.07571968,0.01660312,0.03662677
1975-03-31,-0.1307254,0.00338409,0.05969079
1975-04-30,0.00011554,0.03224744,0.00217849
1975-05-31,-0.06664547,-0.0130431,-0.03349678
1975-06-30,0.02342901,0.02365535,-0.01748245
1975-07-31,-0.05962827,-0.02770742,-0.00961332
1975-08-31,-0.12755964,-0.12151072,-0.00855122
1975-09-30,-0.08967729,-0.05371282,-0.01921566
1975-10-31,-0.06496285,0.02349867,0.09069118
1975-11-30,0.00741821,0.02576334,0.03623193
1975-12-31,-0.02442816,-0.02112392,-0.00279676
1976-01-31,-0.06026916,-0.0341571,0.01930918
1976-02-29,-0.01850114,0.05049111,-0.04225125
1976-03-31,-0.01869402,0.00703682,-0.01797504
1976-04-30,-0.02836403,-0.0481612,-0.01965143
1976-05-31,-0.09013978,-0.08662256,-0.04059278
1976-06-30,-0.0649523,-0.02378097,-0.00572528
1976-07-31,-0.09137023,-0.05532443,-0.02705599
1976-08-31,-0.01515904,0.030617,0.01794591
1976-09-30,-0.03775239,0.0162617,-0.01542257
1976-10-31,-0.08540734,-0.04511173,0.0038574
1976-11-30,-0.08199193,-0.02231675,-0.02387473
1976-12-31,-0.02567946,0.05364359,-0.01240966
1977-01-31,-0.06248706,-0.04668238,-0.03064272
1977-02-28,-0.00039705,0.03595656,-0.00984019
1977-03-31,-0.05633423,0.03099661,0.01079852
1977-04-30,-0.01072185,-0.01088252,-0.02492795
1977-05-31,-0.03332456,-0.01424823,0.01811865
1977-06-30,-0.00864341,0.01659435,0.02199312
1977-07-31,-0.04816932,-0.01419674,0.00119646
1977-08-31,-0.0441222,0.00480498,0.03132657
1977-09-30,-0.04748178,-0.02287519,0.01051654
1977-10-31,-0.03260695,-0.00235983,-0.01108198
1977-11-30,-0.01279571,0.0276747,0.00253713
1977-12-31,0.02084873,0.03467577,-0.00612393
1978-01-31,-0.04222258,-0.00606955,0.00672525
1978-02-28,-0.01929822,0.01289275,0.00010469
1978-03-31,-0.0104943,0.00252448,0.01720571
1978-04-30,-0.00780383,0.01903098,0.03084663
1978-05-31,0.01785201,0.0214176,0.01378779
1978-06-30,0.01073519,0.0138809,0.01089029
1978-07-31,-0.04349239,-0.03529967,0.03138675
1978-08-31,0.02096417,0.03706112,-0.00088631
1978-09-30,-0.00570674,-0.01203227,-0.02730711
1978-10-31,-0.10828928,-0.10112881,0.04280582
1978-11-30,-0.07491575,-0.03138026,-0.0316212
1978-12-31,-0.03422058,0.03485781,0.00199465
1979-01-31,-0.01441439,0.0233699,-0.01029938
1979-02-28,-0.03296427,0.00704158,-0.02811765
1979-03-31,-0.04381288,0.02120265,-0.00695441
1979-04-30,0.00478602,0.05418626,0.01849867
1979-05-31,-0.08102735,-0.04714965,-0.02188811
1979-06-30,-0.01188102,0.02334622,-0.01669465
1979-07-31,0.02263794,0.06015749,-0.01719865
1979-08-31,0.01305124,0.03619616,0.01475767
1979-09-30,-0.07426784,-0.06311289,-0.00978073
1979-10-31,-0.15447257,-0.10346842,-0.00030052
1979-11-30,-0.03883258,0.00646773,-0.06750272
1979-12-31,-0.00920058,0.02346051,-0.01807817
1980-01-31,-0.05958447,-0.01965,0.00013109
1980-02-29,-0.09784091,-0.04287413,0.02114945
1980-03-31,-0.14193797,-0.08765149,0.02794556
1980-04-30,-0.05117316,-0.03126941,-0.01240179
1980-05-31,0.03284126,0.0777708,-0.0078206
1980-06-30,-0.01566887,0.00194068,0.01010759
1980-07-31,-0.03519602,-0.01617692,-0.00569326
1980-08-31,0.00723605,0.05266263,0.01373905
1980-09-30,-0.04758752,-0.0178554,0.00919783
1980-10-31,-0.01239088,0.03535165,0.02758604
1980-11-30,-0.02423485,0.00232816,0.03062221
1980-12-31,-0.05639616,-0.01327018,0.02748807
1981-01-31,-0.022955,0.0034206,0.03893398
1981-02-28,-0.00758953,0.00034249,0.00211983
1981-03-31,-0.02136465,0.01374299,0.01393817
1981-04-30,-0.02810852,0.01004741,-0.01912218
1981-05-31,0.00737341,0.02848178,-0.02798762
1981-06-30,0.00168118,0.03064747,0.06094841
1981-07-31,-0.017635,0.01109223,-0.01241394
1981-08-31,-0.07670137,-0.04363144,-0.00142182
1981-09-30,-0.15284444,-0.12054939,0.09223195
1981-10-31,-0.04551135,-0.00273176,-0.02465792
1981-11-30,-0.03161579,-0.01471995,0.06060739
1981-12-31,-0.0235872,0.0267523,0.00907384
1982-01-31,-0.06997584,-0.05910923,-0.01978417
1982-02-28,-0.12230555,-0.0814414,-0.01144574
1982-03-31,-0.03094867,0.00851825,0.04354018
1982-04-30,0.00482292,0.04279473,-0.02399156
1982-05-31,-0.00252187,-0.00817016,0.02935751
1982-06-30,-0.01252549,0.02103224,0.04970968
1982-07-31,0.01259311,0.01760311,-0.01586295
1982-08-31,-0.05756179,-0.03623635,-0.00509109
1982-09-30,-0.02623568,0.02473437,0.04186289
1982-10-31,-0.04193409,-0.00711896,-0.03783243
1982-11-30,-0.0044995,0.02790299,0.01049033
1982-12-31,0.00074378,0.02910216,-0.03135686
1983-01-31,-0.02964785,0.00189792,-0.05475749
1983-02-28,0.00812041,0.03929395,-0.0312086
1983-03-31,-0.04766193,-0.02657642,0.04017853
1983-04-30,-0.00471343,0.02548735,0.03559141
1983-05-31,-0.07871142,-0.04699125,0.0181668
1983-06-30,-0.00339973,0.04808618,0.00092081
1983-07-31,-0.04793408,-0.02564099,0.04384996
1983-08-31,-0.04234025,-0.00988485,0.04344734
1983-09-30,-0.02372007,0.02553119,0.01391928
1983-10-31,0.03439859,0.05993687,0.05772609
1983-11-30,0.01370172,0.05020122,-0.07196858
1983-12-31,-0.03358922,0.01466676,0.0500249
1984-01-31,-0.02518414,-0.00573629,0.0652534
1984-02-29,-0.04222727,-0.02766207,0.0052176
1984-03-31,-0.00982163,0.03045695,0.00941229
1984-04-30,-0.08444471,-0.04802803,0.00409888
1984-05-31,0.00682982,0.04569338,0.02360299
1984-06-30,-0.01601648,0.02388718,-0.00288699
1984-07-31,-0.0266318,0.01173315,0.02081929
1984-08-31,0.00187372,0.03260926,-0.03492146
1984-09-30,-0.01898864,0.0108124,0.02426426
1984-10-31,-0.02988708,-0.01096272,-0.00664306
1984-11-30,-0.0023184,0.00636493,0.01563082
1984-12-31,-0.03602564,-0.00302722,-0.00023396
1985-01-31,-0.00841324,0.01682558,-0.01660344
1985-02-28,-0.01040315,0.0059221,0.02277367
1985-03-31,0.00593392,0.00404789,0.03882319
1985-04-30,0.01006849,0.03066178,0.03804409
1985-05-31,6.77e-06,0.02316535,-0.00808688
1985-06-30,-0.0049664,-0.00186577,0.00855668
1985-07-31,-0.022022,0.02394855,-0.01828073
1985-08-31,0.02641898,0.03257513,0.02600935
1985-09-30,-0.01917228,-0.00813959,0.01085101
1985-10-31,-0.01874444,-0.01382708,0.05068405
1985-11-30,-0.00196966,0.02732004,0.00714591
1985-12-31,-0.01579079,0.02385605,-0.01941905
1986-01-31,-0.06592515,-0.03695994,0.01882153
1986-02-28,-0.00938448,0.01985321,0.00280428
1986-03-31,0.00792626,0.04381365,0.03946652
1986-04-30,0.02937072,0.02414239,-0.00513904
1986-05-31,0.00463582,0.02012562,0.02732007
1986-06-30,-0.06956802,-0.06340986,0.05863968
1986-07-31,-0.00237977,0.01935357,-0.01490146
1986-08-31,-0.02734166,0.0119919,-0.02610917
1986-09-30,-0.00466824,-0.02430844,0.04365573
1986-10-31,0.0393926,0.06351213,0.01596314
1986-11-30,0.01677837,0.02265068,-0.03037115
1986-12-31,0.01118096,0.03382984,-0.01180831
1987-01-31,-0.02911501,-0.0090722,-0.0733435
1987-02-28,0.00529227,0.02573911,-0.04018167
1987-03-31,-0.02361702,0.01696482,-0.01323575
1987-04-30,-0.12662749,-0.10929728,-0.03988962
1987-05-31,0.00544621,0.03087577,0.01258425
1987-06-30,0.00750473,0.05582145,0.02582911
1987-07-31,0.01877447,-0.02525317,0.00803324
1987-08-31,-3.515e-05,0.01422681,-0.05904169
1987-09-30,-0.04182135,-0.05456071,0.00162348
1987-10-31,-0.46169773,-0.39175222,0.05431057
1987-11-30,-0.02515845,-0.07477846,-0.01692999
1987-12-31,-0.1055248,-0.03125825,0.00835925
1988-01-31,-0.11083843,-0.07654611,0.04415469
1988-02-29,-0.03348581,0.06078589,0.0033043
1988-03-31,-0.03029858,0.02449604,-0.01998427
1988-04-30,0.00880543,0.02862009,-0.02541647
1988-05-31,-0.06855347,-0.00120625,-0.00520483
1988-06-30,0.00688993,0.01882509,-0.00962875
1988-07-31,0.01712411,0.03251667,-0.00893175
1988-08-31,-0.02484266,0.02753058,0.03565788
1988-09-30,-0.02317842,0.00119786,0.01488299
1988-10-31,-0.04267395,0.00320596,0.02375891
1988-11-30,-0.06681857,-0.00960977,-0.00070705
1988-12-31,-0.02431808,0.00132203,-0.04442614
1989-01-31,0.018425,0.07424037,-0.00066201
1989-02-28,-0.0026103,0.01229208,-0.00370499
1989-03-31,0.0004919,0.00791288,-0.01005239
1989-04-30,-0.02148396,-0.00279834,-0.01942944
1989-05-31,0.04337706,0.04856399,-0.03793897
1989-06-30,-0.00150094,0.00150777,0.0732271
1989-07-31,0.01777991,0.02614331,0.03174884
1989-08-31,-0.08467239,-0.05291716,0.00711113
1989-09-30,0.02786316,0.0157685,-0.04838182
1989-10-31,-0.15749531,-0.1129117,0.02414736
1989-11-30,-0.00979964,0.01588073,-0.02475016
1989-12-31,-0.02131812,0.0071207,0.01943802
1990-01-31,-0.02371547,-0.00544608,-0.03403647
1990-02-28,-0.00493618,0.02575118,-0.02993156
1990-03-31,-0.0222797,0.03518797,-0.02618451
1990-04-30,0.00903327,0.00801225,0.05838816
1990-05-31,0.01200611,0.01178209,-0.00653357
1990-06-30,0.00178264,-0.00273487,0.02597323
1990-07-31,-0.02635311,-0.01504209,0.05079944
1990-08-31,0.02512102,0.00414275,0.04516347
1990-09-30,-0.01568082,0.05869395,0.0196388
1990-10-31,0.05201194,0.04854451,-0.01307316
1990-11-30,0.021801,0.00861073,-0.01186456
1990-12-31,-0.05574597,-0.02811547,-0.03435371
1991-01-31,0.03895971,0.02270089,-0.09480416
1991-02-28,-0.02117548,-0.03732204,-0.01976099
1991-03-31,-0.02611774,-0.02377652,-0.00719494
1991-04-30,0.00646525,0.04416643,0.01658207
1991-05-31,-0.00602298,7.592e-05,-0.01043347
1991-06-30,0.04170756,0.05037247,0.02998807
1991-07-31,-0.00135326,0.00391129,0.01557791
1991-08-31,-0.01695233,-0.0197436,-0.01699254
1991-09-30,-0.01442521,0.01701503,0.01170763
1991-10-31,-0.0216945,0.020092,0.02183811
1991-11-30,0.02615505,-0.00291796,0.04312706
1991-12-31,-0.05322488,-0.07201283,-0.04932854
1992-01-31,-0.06539798,-0.04112037,-0.07748136
1992-02-29,-0.03882487,0.01128484,-0.04885885
1992-03-31,-0.03465568,0.02084313,-0.00085337
1992-04-30,0.03518324,0.0450628,-0.00461487
1992-05-31,0.00132677,0.05139024,-0.00157019
1992-06-30,0.06758642,0.00860779,0.01939018
1992-07-31,-0.05001814,-0.04937021,0.02428208
1992-08-31,-0.00621343,-0.00083423,0.04932559
1992-09-30,0.01457686,0.03290214,-0.02176638
1992-10-31,-0.0593854,-0.05333576,-0.01951491
1992-11-30,0.00064767,0.03252701,-0.0507198
1992-12-31,0.00997473,0.02307954,-0.03053146
1993-01-31,0.01066849,0.04155524,-0.0089819
1993-02-28,-0.03033735,-0.00962514,0.06623622
1993-03-31,-0.03524115,-0.00647735,-0.03846259
1993-04-30,0.00905305,0.0375333,-0.01728532
1993-05-31,-0.01625729,0.00947312,0.04146819
1993-06-30,-0.01856489,0.00998255,-0.03527159
1993-07-31,-0.01795869,0.00903379,-0.01283928
1993-08-31,0.04142405,0.02549835,0.01799178
1993-09-30,0.02295099,0.0379001,-0.07830297
1993-10-31,0.00044278,0.01558322,0.04276914
1993-11-30,0.00701532,0.02188793,0.04920888
1993-12-31,0.04816587,0.03034304,0.01650241
1994-01-31,0.03945276,0.07157179,-0.0024806
1994-02-28,-0.05118445,-0.03876665,0.00783604
1994-03-31,-0.01754406,-0.01005775,0.02580671
1994-04-30,-0.07560195,-0.05257716,0.00559831
1994-05-31,-0.04146914,-0.00176341,0.03150225
1994-06-30,-0.07876295,-0.03712337,-0.00198332
1994-07-31,0.01170539,0.06177165,-0.0075066
1994-08-31,-0.0171268,0.03444694,0.00548321
1994-09-30,0.02057847,0.01603945,0.03119027
1994-10-31,0.0294873,0.03275399,0.00973093
1994-11-30,-0.01550632,-0.04553699,-0.02160148
1994-12-31,-0.0346367,-0.0112871,0.01930035
1995-01-31,0.02206376,0.06075991,-0.03140997
1995-02-28,0.0235971,0.02411879,-0.02663006
1995-03-31,0.00997819,-0.01164882,0.00982348
1995-04-30,0.03159925,0.05168967,0.0035213
1995-05-31,0.00549143,0.01057058,-0.01164138
1995-06-30,-0.02606348,-0.03565504,-0.00567392
1995-07-31,-0.00492064,0.01127866,0.03964738
1995-08-31,-0.00307188,0.01966911,-0.02143166
1995-09-30,-0.02972287,-0.02586515,-0.07656433
1995-10-31,-0.00932857,0.00541682,0.03771907
1995-11-30,0.03077631,0.05760202,0.00909125
1995-12-31,-0.06585245,-0.0299206,-0.01612119
1996-01-31,-0.02406434,-0.00890669,0.02844004
1996-02-29,0.02437703,0.07073625,0.00972366
1996-03-31,-0.05198898,-0.04545363,-0.0115087
1996-04-30,-0.02575378,0.01791409,-0.03253059
1996-05-31,0.01231168,0.02263437,-0.01003411
1996-06-30,-0.01043103,-0.01058388,-0.04781987
1996-07-31,-0.03805803,-0.0143522,-0.03935225
1996-08-31,0.06257344,0.09062084,0.00714965
1996-09-30,-0.00120862,-0.01771574,-0.03213671
1996-10-31,-0.01304696,-0.03491569,-0.02175363
1996-11-30,-0.00762476,-0.01180067,0.02343186
1996-12-31,0.01492212,0.02531036,-0.02166792
1997-01-31,-0.01805322,0.04946217,-0.02445167
1997-02-28,0.00010695,-0.01797277,-0.01995632
1997-03-31,-0.00914433,0.01668104,0.01638578
1997-04-30,0.0187029,0.02082385,0.0451491
1997-05-31,0.02624563,0.04218502,0.01443537
1997-06-30,-0.00984361,-0.00561372,5.618e-05
1997-07-31,-0.00843406,0.00199612,-0.00058943
1997-08-31,-0.05685736,-0.01126343,0.00094422
1997-09-30,-0.02726881,0.03252208,-0.01076099
1997-10-31,-0.17045339,-0.11123468,0.02466401
1997-11-30,0.02225625,0.07030243,0.03359202
1997-12-31,-0.02601744,0.02846992,0.04001086
1998-01-31,-0.04385878,-0.07299383,0.02357964
1998-02-28,-0.12011072,0.00028016,0.07538767
1998-03-31,-0.05901035,-0.01052075,-0.03254065
1998-04-30,0.04140759,0.09445967,0.00497198
1998-05-31,0.00691948,0.01312668,-0.00767628
1998-06-30,-0.04217002,-0.02965199,0.0219474
1998-07-31,-0.0512716,0.00572894,0.00792674
1998-08-31,-0.05158333,0.01030393,-0.03482823
1998-09-30,-0.27408101,-0.25793363,0.05509535
1998-10-31,-0.0439196,0.05720626,0.00950975
1998-11-30,0.04820277,0.11337321,0.00163953
1998-12-31,-0.14833407,-0.10742301,0.04828456
1999-01-31,0.06342531,0.06617823,0.05095578
1999-02-28,-0.08654181,-0.06366804,0.02054718
1999-03-31,-0.06150471,-0.00534093,-0.00332609
1999-04-30,0.19802355,0.27697434,0.08767822
1999-05-31,-0.13408331,-0.13999711,-0.00719636
1999-06-30,0.05855012,0.06383665,0.04269869
1999-07-31,0.06703473,0.05331859,-0.01601707
1999-08-31,0.05135435,-0.01299448,-0.0043814
1999-09-30,-0.04828547,-0.07346329,-0.03079376
1999-10-31,0.09828173,0.08420832,0.09079864
1999-11-30,-0.00169317,-0.03864453,-0.01671316
1999-12-31,-0.07442397,-0.08090257,0.04501071
2000-01-31,-0.0674372,-0.04458698,0.01096611
2000-02-29,-0.04172311,-0.0138917,0.00889955
2000-03-31,-0.00618156,0.10974552,-0.00154299
2000-04-30,-0.22530357,-0.2196473,-0.04316132
2000-05-31,0.06595434,0.08344189,-0.0265148
2000-06-30,-0.18106617,-0.1586717,-0.03392962
2000-07-31,0.05562614,-0.06000464,0.11025636
2000-08-31,-0.07174736,0.01917695,-0.00939793
2000-09-30,-0.16872981,-0.15507869,-0.03893589
2000-10-31,-0.13664786,-0.00390869,0.0233729
2000-11-30,-0.14439405,-0.13254663,-0.03671737
2000-12-31,0.09559686,0.06664484,0.01130186
2001-01-31,-0.14739081,-0.0528939,0.07131207
2001-02-28,-0.0568465,-0.06350861,0.03991331
2001-03-31,-0.06035493,0.02497169,0.07061213
2001-04-30,-0.06215272,0.10672675,0.00743734
2001-05-31,0.10054836,0.11024158,0.03162855
2001-06-30,0.0159363,0.08431623,0.00317664
2001-07-31,-0.04836669,-0.00118531,0.03563154
2001-08-31,-0.05223821,0.0575469,0.04913043
2001-09-30,-0.04060099,-0.12730887,-0.10070463
2001-10-31,0.0699131,0.10198438,0.03493576
2001-11-30,0.02057022,-0.00941939,0.0326671
2001-12-31,0.01329669,0.05502776,0.06825668
2002-01-31,-0.06933654,-0.01474322,-0.01242267
2002-02-28,-0.01014436,-0.00874286,0.03759379
2002-03-31,0.06089692,0.02589692,0.07805775
2002-04-30,-0.10984668,-0.03141372,0.05146454
2002-05-31,-0.03394845,-0.0451904,0.05081821
2002-06-30,-0.11584185,-0.05790312,-0.00913905
2002-07-31,-0.06592232,0.00140043,-0.04580001
2002-08-31,-0.02471742,-0.00635662,0.00343014
2002-09-30,-0.17025101,-0.09213113,0.00133774
2002-10-31,-0.30762302,-0.14970737,0.04117081
2002-11-30,-0.03852698,0.01004989,0.01743669
2002-12-31,-0.17765633,-0.0114488,-0.01163296
2003-01-31,-0.08552163,-0.0895459,-0.02155062
2003-02-28,-0.04021868,-0.03899751,0.01144085
2003-03-31,-0.10824941,-0.06919257,-0.001486
2003-04-30,-0.0520915,-0.00898384,0.03747393
2003-05-31,0.02654334,0.02104133,0.00851668
2003-06-30,-0.01773686,-0.00102203,-0.0094377
2003-07-31,-0.03637369,0.01957787,0.06786535
2003-08-31,-0.01409055,0.00063429,0.04096158
2003-09-30,-0.11151611,-0.02784595,-0.00741016
2003-10-31,-0.0408132,0.00949798,0.02035822
2003-11-30,-0.0509734,-0.02393138,0.004532
2003-12-31,-0.02134025,0.04915223,-0.00327383
2004-01-31,-0.10836096,-0.02056076,-0.05278612
2004-02-29,-0.03629706,-0.05957922,0.02821727
2004-03-31,0.02709084,0.07366107,0.01684606
2004-04-30,-0.05259627,0.00903864,-0.00451048
2004-05-31,-0.00584636,-0.02322532,-0.00184917
2004-06-30,0.05580165,0.1112076,0.02598052
2004-07-31,-0.03592135,-0.01309997,0.07181666
2004-08-31,0.00419211,0.04851191,0.06520698
2004-09-30,-0.02612415,0.00103242,-0.00145842
2004-10-31,0.01505644,0.01856696,-0.01576515
2004-11-30,-0.01810987,0.03206091,0.01382888
2004-12-31,-0.07001299,-0.02017208,-0.03431977
2005-01-31,-0.00561092,0.01171446,0.04238401
2005-02-28,-0.05566893,-0.00294573,0.05583696
2005-03-31,-0.0200019,0.0019276,-0.00300091
2005-04-30,-0.12695313,-0.09916346,-0.05295723
2005-05-31,0.0035797,0.04804151,0.00014587
2005-06-30,0.0019765,0.08026978,0.0427119
2005-07-31,0.02442722,0.03452101,0.02728237
2005-08-31,0.04779531,0.07801602,0.02995726
2005-09-30,-0.02282613,0.02038559,0.0339345
2005-10-31,-0.0517637,0.0102832,-0.0439314
2005-11-30,0.08820635,0.06655244,0.00550748
2005-12-31,-0.0239666,-0.0759154,0.00038138
2006-01-31,-0.05568256,-0.03611857,0.03383014
2006-02-28,-0.05908258,-0.04117823,-0.03888196
2006-03-31,-0.02457918,0.01975108,0.01238598
2006-04-30,0.01282215,0.02870725,-0.00666897
2006-05-31,-0.02519272,0.00904616,0.0205542
2006-06-30,-0.06745814,0.00033912,0.03208476
2006-07-31,0.00392041,-0.00189564,0.05469685
2006-08-31,0.01674504,-0.02616406,-0.02801405
2006-09-30,-0.06006415,-0.04166526,-0.01752444
2006-10-31,0.03231136,0.06053051,0.03803449
2006-11-30,-0.00477928,0.03922595,0.02836054
2006-12-31,0.02912667,0.02217794,-0.01617033
2007-01-31,0.04338604,0.01176017,0.00349177
2007-02-28,-0.00636273,0.034061,0.02498007
2007-03-31,-0.03858859,-0.02649698,0.02949978
2007-04-30,-0.01314712,0.00980078,0.0201292
2007-05-31,0.02691214,0.06141274,0.02757409
2007-06-30,0.06254018,0.09349734,0.00808435
2007-07-31,-0.0028012,-0.01337912,0.02647683
2007-08-31,-0.15688331,-0.19384495,-0.00468925
2007-09-30,-0.04698278,-0.03157135,0.03339979
2007-10-31,-0.19141352,-0.04755266,0.05505309
2007-11-30,-0.16848869,-0.02776756,0.02181934
2007-12-31,-0.04286566,0.02710193,0.05028802
2008-01-31,-0.15709411,-0.05938368,-0.12657549
2008-02-29,0.07933861,-0.01833417,0.0300932
2008-03-31,-0.26874675,-0.14964387,0.04105458
2008-04-30,0.06011212,0.1067189,0.10871313
2008-05-31,-0.01916144,0.00134239,0.080589
2008-06-30,-0.08686875,-0.03551971,0.09451179
2008-07-31,-0.17516923,-0.0720123,-0.13225786
2008-08-31,-0.00480399,0.02324499,0.01819551
2008-09-30,-0.10135142,-0.23786888,-0.13550608
2008-10-31,-0.22932815,-0.04740514,-0.08977999
2008-11-30,0.07299987,0.14296879,-0.05779453
2008-12-31,-0.30815682,-0.19000816,-0.08469479
2009-01-31,-0.0415482,-0.15511781,0.07990491
2009-02-28,-0.03537968,0.03440678,-0.00348468
2009-03-31,-0.09956666,-0.03351641,-0.04477284
2009-04-30,-0.09607376,-0.04240943,-0.04653182
2009-05-31,-0.07201629,0.07210303,0.01953465
2009-06-30,-0.0405445,0.01835335,-0.01328322
2009-07-31,0.07996965,0.04095114,-0.01619019
2009-08-31,-0.01591909,-0.00324712,-0.0545384
2009-09-30,0.01414678,0.06306506,0.06457085
2009-10-31,-0.0607482,-0.05213994,0.07770456
2009-11-30,-0.03522501,-0.01044725,-0.00284503
2009-12-31,0.13697338,-0.00124658,0.02283539
2010-01-31,0.05788525,0.11794349,-0.01105698
2010-02-28,0.01445669,0.03293625,-0.00755895
2010-03-31,0.01741086,0.03196891,-0.06257515
2010-04-30,-0.06437738,-0.0538609,0.01020015
2010-05-31,-0.07894997,-0.01745661,-0.02806075
2010-06-30,-0.05562146,0.01496882,0.00383754
2010-07-31,-0.01822582,-0.00086348,0.02483923
2010-08-31,0.00020335,0.02679847,0.02131701
2010-09-30,-0.03018753,0.0829327,0.03255056
2010-10-31,-0.04019747,-0.0511434,0.02321111
2010-11-30,-0.01660863,-0.00385092,0.02746053
2010-12-31,0.03733859,0.08708576,0.03149786
2011-01-31,-0.03436781,-0.03459147,0.00967912
2011-02-28,-0.01119657,-0.01550884,-0.01051377
2011-03-31,-0.0324463,-0.01526818,0.00236662
2011-04-30,0.00997818,0.02055293,-0.05769035
2011-05-31,0.017707,0.02238119,-0.02694952
2011-06-30,-0.00861605,0.02687871,-0.02095266
2011-07-31,-0.01354614,0.0152026,0.00057567
2011-08-31,-0.05086509,-0.04836219,-0.03747095
2011-09-30,0.01295526,0.0302882,-0.06508016
2011-10-31,-0.04181748,0.02570489,0.07673227
2011-11-30,-0.09615061,-0.02780261,0.02782179
2011-12-31,0.01017358,0.05057057,-0.009506
2012-01-31,0.01930727,0.05154589,-0.02556737
2012-02-29,0.0310195,0.00885025,0.02446527
2012-03-31,-0.01915,-0.00750411,-0.05768068
2012-04-30,0.0087067,-0.01429649,0.00219896
2012-05-31,0.0834898,-0.00662603,-0.00215711
2012-06-30,0.01779129,-0.00077637,0.01378388
2012-07-31,0.01628135,0.10112998,-0.00439776
2012-08-31,-0.04169714,-0.0228811,-0.00457896
2012-09-30,0.04584002,0.03581467,-0.02457812
2012-10-31,-0.02182354,-0.04306771,0.00233808
2012-11-30,-0.01314424,-0.05133072,-0.01754981
2012-12-31,0.01042216,0.03003365,0.01674306
2013-01-31,0.01582313,0.02750441,-0.02549078
2013-02-28,-0.02502447,-0.01606034,-0.00809271
2013-03-31,0.02584343,0.07275143,0.00607252
2013-04-30,-0.00375058,-0.0136042,-0.01888749
2013-05-31,0.00374615,0.02068637,0.00363658
2013-06-30,-0.02859702,0.01475267,-0.0130649
2013-07-31,-0.02124901,0.01076696,0.00276527
2013-08-31,-0.03567506,0.01373444,0.01257205
2013-09-30,-0.02416619,-0.0076821,-0.02340124
2013-10-31,0.06906188,0.10166495,-0.02071411
2013-11-30,-0.06682225,0.03617344,-0.02687523
2013-12-31,0.03024744,0.02558564,-0.00299505
2014-01-31,-0.00669558,0.01881325,0.03016848
2014-02-28,0.01876573,0.02408447,-0.00845716
2014-03-31,-0.0010801,0.03030691,0.03065791
2014-04-30,-0.00597065,-0.00563621,-0.05041689
2014-05-31,-0.07604176,-0.0305817,0.00294652
2014-06-30,0.03555157,0.08907559,0.01516767
2014-07-31,0.00970383,0.02563162,-0.00384578
2014-08-31,-0.00700511,-0.00061436,0.00352413
2014-09-30,0.00942029,0.02826335,0.0211618
2014-10-31,0.03156208,0.04506411,0.04238834
2014-11-30,-0.04093063,-0.02886335,0.00220695
2014-12-31,0.0285721,0.0587831,0.02564281
2015-01-31,6.477e-05,0.02164542,-0.01822077
2015-02-28,-0.007748,0.00105065,0.00068547
2015-03-31,-0.04318635,-0.02116685,0.01244365
2015-04-30,-0.02162295,0.00629735,-0.00539322
2015-05-31,0.01913707,0.00426473,0.0448221
2015-06-30,0.01133199,0.00971479,0.02952947
2015-07-31,0.04047104,0.0330274,0.00868989
2015-08-31,0.02562904,0.07111358,-0.00664299
2015-09-30,-0.04876124,-0.0777343,0.00601446
2015-10-31,0.00812565,0.10665884,-0.06909777
2015-11-30,-0.12190966,-0.03429927,0.03966728
2015-12-31,-0.08085618,-0.01236988,-0.00089856
2016-01-31,-0.0833851,-0.04499263,-0.03380666
2016-02-29,0.0031765,0.03007122,-0.02869227
2016-03-31,-0.02077123,0.00359093,-0.02126196
2016-04-30,0.08328224,0.09162759,-0.01051141
2016-05-31,-0.04418752,-0.05543429,0.01759801
2016-06-30,-0.01959616,-0.02672833,-0.01530551
2016-07-31,0.06306624,0.01055456,0.03289437
2016-08-31,0.00844411,-0.00431219,-0.00538695
2016-09-30,-0.04118253,-0.03166076,0.01145573
2016-10-31,0.10321774,0.09003666,0.01155861
2016-11-30,-0.07588807,-0.00418203,-0.00348322
2016-12-31,0.0017677,0.04963706,-0.0148546
2017-01-31,0.04555742,0.06719042,0.02084784
2017-02-28,-0.05746363,-0.0529195,-0.02596674
2017-03-31,-0.01047972,-0.06437322,-0.03516001
2017-04-30,-0.0299539,0.00991193,-0.02159388
2017-05-31,0.10505061,0.0891875,-0.03513859
2017-06-30,0.04244786,0.02363279,0.03204044
2017-07-31,-0.01939452,0.01342279,0.03266733
2017-08-31,0.02982351,0.06427488,-0.02430416
2017-09-30,0.05203766,0.05538758,-0.01470475
2017-10-31,0.02676379,0.03099575,-0.04787233
2017-11-30,0.03465119,0.01905773,-0.01565814
2017-12-31,0.03739721,0.04602908,0.05101684
2018-01-31,-0.05291913,-0.00999627,0.01197226
2018-02-28,0.00309952,0.02973665,0.05234304
2018-03-31,0.02923252,0.08556504,0.00320805
2018-04-30,-0.07864566,-0.01218473,0.01273375
2018-05-31,0.02707212,0.08556505,0.06977742
2018-06-30,0.10043021,0.12558147,-0.02195374
2018-07-31,-0.0232943,-0.02324343,-0.00600478
2018-08-31,0.09291973,0.04540027,-0.0163154
2018-09-30,-0.04382566,0.05732026,0.0047055
2018-10-31,-0.06898593,-0.03118756,-0.07063411
2018-11-30,0.01574058,0.04134675,0.02578861
2018-12-31,-0.0638512,-0.03942683,-0.00140301
2019-01-31,-0.03149314,-0.02958499,0.03250807
2019-02-28,0.06570127,0.1537457,-0.00572544
2019-03-31,0.00173439,-0.00521097,0.00260258
2019-04-30,0.03703559,0.05766715,0.00214166
2019-05-31,-0.02203067,-0.0208761,-0.00789845
2019-06-30,-0.09734129,-0.06410526,-0.0294749
2019-07-31,0.07273926,0.0732619,-0.00176625
2019-08-31,0.04596394,0.02174072,-0.00873951
2019-09-30,-0.04788248,-0.0227888,-0.05148881
2019-10-31,-0.06800208,0.00210477,0.00933833
2019-11-30,-0.04571975,0.03898775,0.02373162
2019-12-31,-0.0196118,0.02145508,0.00036564
2020-01-31,-0.04085796,-0.01454809,0.01856556
2020-02-29,0.00581872,0.0239917,0.04195985
2020-03-31,-0.26041854,-0.16436693,-0.10338117
2020-04-30,0.01144381,-0.02282219,0.11751523
2020-05-31,-0.05607426,-0.07001781,0.07138669
2020-06-30,-0.01502376,0.01958538,0.06205849
2020-07-31,0.03447948,0.07278231,0.00149768
2020-08-31,0.0058083,-0.01279468,0.04354523
2020-09-30,-0.09954219,-0.12016043,-0.00472362
2020-10-31,-0.04311526,0.03249982,0.04056653
2020-11-30,0.05375725,0.06556584,0.02262458
2020-12-31,0.02488288,0.01244129,0.05047929
2021-01-31,0.10624166,0.06178659,-0.04853912
2021-02-28,-0.02973247,-0.04833531,0.0199846
2021-03-31,-0.07658205,-0.0093845,-0.07243633
2021-04-30,-0.04645184,-0.02802147,0.00114264
2021-05-31,-0.05370994,-0.01026876,-0.03112707
2021-06-30,-0.03633265,0.00424908,0.03774234
2021-07-31,0.00584988,0.0385577,-0.00070313
2021-08-31,0.01155584,0.03142486,0.00290839
2021-09-30,-0.01745475,-0.00571759,-0.01045792
2021-10-31,-0.00538852,-0.00607972,0.01594697
2021-11-30,0.01398488,0.03127878,-0.02440641
2021-12-31,0.0603666,0.07120965,-0.02381502
2022-01-31,-0.05794136,-0.04679755,-0.05411585
2022-02-28,-0.08858936,-0.07021552,0.00843478
2022-03-31,-0.07621055,-0.02442803,-0.02122165
2022-04-30,-0.16414551,-0.13665935,-0.03425109
2022-05-31,-0.02372926,0.03228561,-0.06681909
2022-06-30,-0.02496714,0.08110573,0.03764318
2022-07-31,0.00896067,0.07619305,0.00583969
2022-08-31,0.01625096,0.01982401,0.01254026
2022-09-30,-0.01031641,-0.01397946,0.05629846
2022-10-31,-0.02161225,-0.00417963,-0.09013203
2022-11-30,0.01290549,0.01075207,-0.05291579
2022-12-31,0.01930115,0.04253225,-0.01863631
2023-01-31,0.01333923,0.04739246,-0.03330664
2023-02-28,0.00488143,0.03852404,0.00465112
2023-03-31,-0.01143341,0.00562069,0.06794813
2023-04-30,-0.15161072,-0.1321,0.00609672
2023-05-31,-0.07943237,-0.0010404,0.03855023
2023-06-30,-0.04560138,0.01996221,-0.06706213
2023-07-31,0.0315836,0.05313238,-0.03521294
2023-08-31,-0.02219315,-0.01384346,-0.04206628
2023-09-30,-0.06412711,-0.03281943,-0.04053745
2023-10-31,0.16340711,0.17621454,0.00078403
2023-11-30,0.0183607,-0.10736516,0.05513213
2023-12-31,-0.09925067,-0.12738569,0.03728561
